id,query_CHEMBL3563.csv,target_CHEMBL3563.csv,Similarity
0,CC(C)C[C@H](NC(=O)[C@H](CCc1ccccc1)N/C=C/S(=O)(=O)c1ccccc1)C(=O)NC(=O)NN1CCOCC1,COc1cccc(C(=O)N[C@@H](CCC2CCCCC2)C(=O)N[C@@H](CCN2CCOCC2)CN2CCc3cc(F)ccc32)c1,1.0
1,CC(C)C[C@H](NC(=O)[C@H](CCc1ccccc1)N/C=C/S(=O)(=O)c1ccccc1)C(=O)NC(=O)NN1CCOCC1,C[C@@H](CNc1ccc(OC(F)(F)F)cc1)NC(=O)[C@H](CC1CCCCC1)NC(=O)[C@H]1CCCO1,1.0
2,CC(C)N1CC(=O)C(NC(=O)[C@H](Cc2ccccc2)NC(=O)OCc2ccccc2)CC1=O,N#CN1CCC(NC(=O)OCc2ccccc2)C1,1.0
3,CCC[C@H](NC(=O)[C@@H]1[C@H]2CCC[C@H]2CN1C(=O)[C@@H](NC(=O)[C@@H](NC(=O)c1cnccn1)C(C)C)C(C)(C)C)C(=O)C(=O)N[C@@H](C)c1ccccc1,N#CN1CCCC1CNS(=O)(=O)c1ccccc1,1.0
4,CC(=O)N[C@@H](CC(C)C)C(=O)N[C@@H](CC(C)C)C(=O)N[C@H](C=O)CCCNC(=N)N,O=C(NC1(C(=O)N[C@@H]2C(=O)N[C@H]2Oc2ccccc2)CCCCC1)OCc1ccccc1,1.0
5,CC(=O)N[C@@H](CC(C)C)C(=O)N[C@@H](CC(C)C)C(=O)N[C@H](C=O)CCCNC(=N)N,COc1cccc(C(=O)N[C@@H](CCC2CCCCC2)C(=O)N[C@@H](Cc2ccc(O)cc2)CN2CCc3cc(F)ccc32)c1,1.0
6,CC[C@@H](C)[C@H](/N=C(\S)Nc1ccccc1)C(=O)N[C@@H](C=O)Cc1c[nH]c2ccccc12,O=C(N[C@@H](Cc1ccccc1)C(=O)N[C@@H]1C(=O)N[C@H]1Sc1ccccc1)OCc1ccccc1,1.0
7,CC[C@@H](C)[C@H](/N=C(\S)Nc1ccccc1)C(=O)N[C@@H](C=O)Cc1c[nH]c2ccccc12,COc1ccc(NCCNC(=O)[C@H](CC(C)C)NC(=O)c2ccc(OC)cc2)cc1,1.0
8,CCC(C)[C@H](NS(=O)(=O)c1cccc2ccccc12)C(=O)N[C@H](C=O)Cc1ccccc1,O=C(N[C@@H](Cc1ccccc1)C(=O)N[C@@H]1C(=O)N[C@H]1OC(=O)c1ccccc1)OCc1ccccc1,1.0
9,CCC(C)[C@H](NS(=O)(=O)c1cccc2ccccc12)C(=O)N[C@H](C=O)Cc1ccccc1,COc1ccc(NCCNC(=O)[C@H](CC(C)C)NC(=O)c2cc3ccccc3[nH]2)cc1,1.0
10,COC(=O)C[C@H](NS(=O)(=O)c1cccc2ccccc12)C(=O)N[C@@H](C=O)Cc1c[nH]c2ccccc12,CC(C)C[C@H](NC(=O)OCc1ccccc1)C(=O)N[C@H](CNc1ccc(N2CCOCC2)cc1)Cc1ccccc1,1.0
11,CC[C@@H](C)[C@H](NS(=O)(=O)c1ccc(C)cc1)C(=O)N[C@@H](C=O)Cc1c[nH]c2ccccc12,CC(C)C[C@H](NC(=O)OCc1ccccc1)C(=O)N[C@@H](CCc1ccccc1)C(=O)CO,1.0
12,CC(C)C[C@H](NC(=O)OCc1ccccc1)C(=O)N[C@H](CNc1ccccc1)Cc1ccccc1,COc1ccc(NCCNC(=O)[C@H](CC(C)C)NC(=O)c2ccc(C(C)C)cn2)cc1,1.0
13,O=C[C@@H](Cc1c[nH]c2ccccc12)NC(=O)CNS(=O)(=O)c1cccc2ccccc12,O=C[C@H](Cc1c[nH]c2ccccc12)NC(=O)CCc1ccccc1,1.0
14,O=C(N[C@H](CCc1ccccc1)C(=O)N[C@@H](CCc1ccccc1)CNc1ccc(N2CCCCC2)cc1)OCc1ccccc1,CC[C@@H](C)[C@H](NS(=O)(=O)c1cccc2ccccc12)C(=O)N[C@@H](C=O)Cc1c[nH]c2ccccc12,1.0
15,O=C(N[C@H](CCc1ccccc1)C(=O)N[C@@H](CCc1ccccc1)CNc1ccc(N2CCCCC2)cc1)OCc1ccccc1,CC(C)C[C@@H](C(=O)NCC#N)c1cccc(-c2ccc(N3CCNCC3)cc2)c1,1.0
16,C[C@@H](NC(=O)OCc1ccccc1)C(=O)N[C@@H](CCc1ccccc1)CNc1ccc(N2CCCCC2)cc1,COc1ccc(C(=O)N[C@@H](CC(C)C)C(=O)NCCNc2ccc(OCC(C)C)cc2)cc1,1.0
17,CC(C)[C@@H](NC(=O)OCc1ccccc1)C(=O)N[C@@H](CCc1ccccc1)CNc1ccc(N2CCCCC2)cc1,CC(C)C[C@H](NC(=O)OCc1ccccc1)C(=O)NCCNc1ccc(OC2CCN(C)CC2)cc1,1.0
18,COc1ccc(NCCNC(=O)[C@H](CC(C)C)NC(=O)c2ncn(-c3ccccc3Cl)n2)cc1,CC(C)C[C@H](NC(=O)OCc1ccccc1)C(=O)NCCNc1ccc(OCc2ccncc2)cc1,1.0
19,CC[C@@H](C)[C@H](NC(=O)OC(C)(C)C)C(=O)N[C@@H](C=O)Cc1c[nH]c2ccccc12,CC(C)C[C@H](NC(=O)c1cc2ccccc2[nH]1)C(=O)NCCNc1ccc(OCc2ccccc2)cc1,1.0
20,CC[C@@H](C)[C@H](NC(=O)NCc1ccccc1)C(=O)N[C@@H](C=O)Cc1c[nH]c2ccccc12,CC(=O)N[C@@H](CC(C)C)C(=O)N[C@@H](CC(C)C)C(=O)N[C@@H](CCCN=C(N)N)C(=O)C=O,1.0
21,CC[C@@H](C)[C@H](NS(=O)(=O)c1cccc2ccccc12)C(=O)N[C@@H](C=O)Cc1c[nH]c2ccccc12,CCCCOc1ccc(C[C@H](NC(=O)[C@H](Cc2ccccc2)NC(=O)OCc2ccccc2)C(=O)C=O)cc1,1.0
22,CC[C@@H](C)[C@H](NS(=O)(=O)c1cccc2ccccc12)C(=O)N[C@@H](C=O)Cc1c[nH]c2ccccc12,CC(C)C[C@@H](C(=O)NCC#N)c1cccc(-c2ccc(N3CCNCC3)cc2)c1,1.0
23,CC[C@@H](C)[C@H](NC(=O)NC(C)C)C(=O)N[C@@H](C=O)Cc1c[nH]c2ccccc12,COc1ccc(NCCNC(=O)[C@H](CC(C)C)NC(=O)c2ccccc2)cc1,1.0
24,CSCC[C@@H](C=O)NC(=O)[C@H](CC(C)C)NC(=O)OCc1ccccc1,CC(C)C[C@H](CC(=O)NO)C(=O)N[C@@H](Cc1ccccc1)C(=O)NCC=O,1.0
25,CSCC[C@@H](C=O)NC(=O)[C@H](CC(C)C)NC(=O)OCc1ccccc1,CC(C)C[C@H](NC(=O)OCc1ccccc1)C(=O)NCCNc1ccc(OC2CCCC2)cc1,1.0
26,CC[C@@H](C)[C@H](NC(=O)Nc1cccc2ccccc12)C(=O)N[C@@H](C=O)Cc1c[nH]c2ccccc12,COc1ccc(NCCNC(=O)[C@H](CC(C)C)NC(=O)c2cccc(OC)c2)cc1,1.0
27,CC(C)[C@H](NS(=O)(=O)c1cccc2ccccc12)C(=O)N[C@@H](C=O)Cc1c[nH]c2ccccc12,CC(C)C[C@@H](C=O)NC(=O)[C@H](Cc1ccccc1)NC(=O)[C@@H](CC(=O)NO)CC(C)C,1.0
28,CCCC(CCC)C(=O)N[C@H](C=O)Cc1c[nH]c2ccccc12,N=C(N)NCCC[C@H](NC(=O)[C@H](Cc1ccccc1)C(=O)OCc1ccccc1)C(=O)C=O,1.0
29,CC[C@@H](C)[C@H](NS(=O)(=O)c1ccc2ccccc2c1)C(=O)N[C@@H](C=O)Cc1c[nH]c2ccccc12,CC(C)C[C@H](NC(=O)OCc1ccccc1)C(=O)NC1CN(C(=O)[C@H](CC(C)C)NC(=O)OCc2ccccc2)CC1=O,1.0
30,COc1ccc(NCCNC(=O)[C@H](CC(C)C)NC(=O)c2ccc(C(C)C)cc2)cc1,CC(C)C[C@H](NC(=O)OCc1ccccc1)C(=O)NC1CN(C(=O)c2ccc(Oc3ccccc3)cc2)CC1=O,1.0
31,O=C(O)CNC(=O)c1ccc2c(c1)C(=O)C(=O)c1ccccc1-2,CCc1ccc(C(=O)N[C@@H](CC(C)C)C(=O)NCCNc2ccc(OCc3ccccc3)cc2)cc1,1.0
32,COC(=O)CCC(=O)Nc1ccc2c(c1)C(=O)C(=O)c1cc(NC(=O)CCC(=O)OC)ccc1-2,CC(C)C[C@@H](CN1CC(=O)C(NC(=O)[C@H](CC(C)C)NC(=O)OCc2ccncc2)C1)NC(=O)OCc1ccccc1,1.0
33,O=C(Nc1ccc2c(c1)C(=O)C(=O)c1ccccc1-2)c1ccccc1F,CC(C)C[C@H](NC(=O)OCc1ccccc1)C(=O)N[C@@H](CCc1ccccc1)C(=O)COCc1ccccc1,1.0
34,CCC(C)[C@H](NC(=O)c1cccc(CN)c1)C(=O)N[C@@H](CCc1ccccc1)C(=O)CO,CC(C)C[C@H](NC(=O)OCc1ccccc1)C(=O)NCCNc1ccc(OC2CCOCC2)cc1,1.0
35,CCC(C)[C@H](NC(=O)OCc1ccccc1)C(=O)N[C@@H](CCc1ccccc1)C(=O)CO,C[C@@H](C=O)NC(=O)[C@H](Cc1ccccc1)NC(=O)OCc1ccccc1,1.0
36,O=C(N[C@@H](Cc1ccccc1)C(=O)N[C@@H]1C(=O)N[C@H]1OC(=O)c1ccccc1)OCc1ccccc1,COc1ccc(NCCNC(=O)[C@H](CC(C)C)NC(=O)c2cc3ccccc3[nH]2)cc1,1.0
37,CCC(C)[C@H](NC(=O)c1cccc(C(N)=O)c1)C(=O)N[C@@H](CCc1ccccc1)C(=O)CO,CCc1ccc(C(=O)N[C@@H](CC(C)C)C(=O)NCCNc2ccc(OC)cc2)cc1,1.0
38,O=C(N[C@@H](Cc1ccccc1)C(=O)N[C@@H]1CNC1=O)OCc1ccccc1,CC(C)C[C@H](NC(=O)OCc1ccccc1)C(=O)NC1CCN(C(=O)[C@H](CC(C)C)NC(=O)OCc2ccccc2)CC1=O,1.0
39,CCCCO[C@@H]1NC(=O)[C@H]1NC(=O)[C@H](Cc1ccccc1)NC(=O)OCc1ccccc1,CC(C)C[C@H](CC(=O)NO)C(=O)N[C@@H](Cc1ccccc1)C(=O)N[C@@H](C)C=O,1.0
40,O=C(N[C@@H](Cc1ccccc1)C(=O)N[C@@H]1C(=O)N[C@@H]1Sc1ccccc1)OCc1ccccc1,CC(C)C[C@H](NC(=O)[C@@H](CC(=O)NO)CC(C)C)C(=O)N[C@@H](C)C=O,1.0
41,O=C(N[C@@H](Cc1ccccc1)C(=O)N[C@@H]1C(=O)N[C@H]1OCc1ccccc1)OCc1ccccc1,CC(C)C[C@H](NC(=O)OCc1ccccc1)C(=O)NCCNc1ccc(OC2CCCCC2)cc1,1.0
42,O=C(N[C@@H](Cc1ccccc1)C(=O)N[C@@H]1C(=O)N[C@H]1Sc1ccccc1)OCc1ccccc1,COc1ccc(NCCNC(=O)[C@H](CC(C)C)NC(=O)c2ccc(OC)cc2)cc1,1.0
43,CC(C)(C)O[C@@H]1NC(=O)[C@H]1NC(=O)[C@H](Cc1ccccc1)NC(=O)OCc1ccccc1,COc1ccc(NCCNC(=O)[C@H](CC(C)C)NC(=O)OCc2ccccc2)cc1,1.0
44,CCCC[C@H](NC(=O)[C@@H](NC(=O)c1ccc(CN)cc1)C(C)CC)C(=O)CO,NC(=O)C(=O)C(Cc1ccccc1)NC(=O)c1ccccc1/C=C/c1ccc2ccccc2c1,1.0
45,O=C(CCc1ccccc1)O[C@@H]1NC(=O)[C@H]1NC(=O)[C@H](Cc1ccccc1)NC(=O)OCc1ccccc1,COc1ccc(C(=O)N[C@@H](CC(C)C)C(=O)NCCNc2ccc(OCC3CCCC3)cc2)cc1,1.0
46,CC(=O)O[C@@H]1NC(=O)[C@H]1NC(=O)[C@H](Cc1ccccc1)NC(=O)OCc1ccccc1,CCCC[C@H](NC(=O)[C@@H](NC(=O)c1cccc(C(N)=O)c1)C(C)CC)C(=O)CO,1.0
47,Cc1cccc(C[C@H](Nc2ccc3c(c2)C(=O)OC3)C(=O)N[C@H](C#N)COCc2cccc(-n3cnnn3)c2)c1,Cc1cccc(C[C@H](Nc2ccccc2)C(=O)N[C@H](C#N)COCc2cccc(C(=O)O)c2)c1,1.0
48,Cc1cccc(C[C@H](Nc2ccccc2)C(=O)N[C@H](C#N)COCc2ccccc2)c1,Cc1cccc(C[C@H](Nc2ccccc2)C(=O)N[C@H](C#N)COCc2ccc(Cl)c(C(=O)O)c2)c1,1.0
49,Cc1cccc(C[C@H](Nc2ccccc2)C(=O)N[C@H](C#N)COCc2ccc(F)c(C(=O)O)c2)c1,Cc1cccc(C[C@H](Nc2ccccc2)C(=O)N[C@H](C#N)COCc2ccc(C(=O)O)cc2)c1,1.0
50,Cc1cccc(C[C@H](Nc2ccc3c(c2)C(=O)OC3(C)C)C(=O)N[C@H](C#N)COCc2cccc(C(=O)O)c2)c1,Cc1cccc(C[C@H](Nc2ccc3c(c2)C(=O)OC3)C(=O)N[C@H](C#N)COCc2ccc(F)c(C(=O)O)c2)c1,1.0
51,CCOC(=O)CCSCC(=O)[C@H](Cc1ccccc1)NC(=O)[C@H](Cc1ccccc1)NC(=O)OCc1ccccc1,CC(C)(C)SCC(=O)[C@H](CCc1ccccc1)NC(=O)[C@H](Cc1ccccc1)NC(=O)OCc1cccnc1,1.0
52,CC(C)C[C@H](NC(=O)OCc1ccccc1)C(=O)N[C@@H](Cc1ccccc1)C(=O)CSCCCc1ccccc1,N#CN1CC(OCc2ccccc2)C1,1.0
53,N#CN1CC(CNC(=O)c2ccccc2)C1,CC(C)C[C@H](NC(=O)OCc1ccccc1)C(=O)N[C@@H](Cc1ccccc1)C(=O)CSC(C)(C)C,1.0
54,N#CN1CC(CNS(=O)(=O)c2ccccc2)C1,N#CN1CC(CNC(=O)C2CCCCC2)C1,1.0
55,O=C(NC1(C(=O)N[C@@H]2C(=O)N[C@H]2Oc2ccccc2)CCCCC1)OCc1ccccc1,COc1cccc(C(=O)N[C@@H](CCC2CCCCC2)C(=O)N[C@@H](Cc2ccc(O)cc2)CN2CCc3cc(F)ccc32)c1,1.0
56,CC(=O)N1CC(=O)C(NC(=O)[C@H](CC(C)C)NC(=O)OCc2ccccc2)C1,CN[C@@H](CC(C)C)C(=O)N1CC(=O)[C@@H](NC(=O)[C@H](CC(C)C)NC(=O)OCc2ccccc2)C1.Cl,1.0
57,[N-]=[N+]=CC(=O)[C@H](Cc1ccccc1)NC(=O)[C@H](Cc1ccccc1)NC(=O)OCc1ccccc1,CSC[C@@H](NC(=O)Cc1ccc(-c2ccccc2)cc1)C(=O)N[C@@H](CCCN=C(N)N)C(=O)N[C@@H](CC(C)C)C(=O)NCCc1ccccc1,1.0
58,CSC[C@@H](NC(=O)Cc1ccc(-c2ccccc2)cc1)C(=O)N[C@H](CCCN=C(N)N)C(=O)N[C@@H](Cc1ccccc1)C(=O)N[C@@H](Cc1ccccc1)C(=O)NCCCc1ccccc1,N=C(N)NCCC[C@H](NC(=O)[C@H](CS)NC(=O)Cc1ccc(-c2ccccc2)cc1)C(=O)N[C@@H](CC1CCCCC1)C(=O)NCCc1ccccc1,1.0
59,CSC[C@@H](NC(=O)Cc1ccc(-c2ccccc2)cc1)C(=O)N[C@H](CCCN=C(N)N)C(=O)N[C@@H](Cc1ccccc1)C(=O)N[C@@H](Cc1ccccc1)C(=O)NCCCc1ccccc1,CCCC[C@@H](C=O)NC(=O)OC(CC)(CC)Cc1ccccc1,1.0
60,CSC[C@@H](NC(=O)Cc1ccc(-c2ccccc2)cc1)C(=O)N[C@H](CCCN=C(N)N)C(=O)N[C@@H](Cc1ccccc1)C(=O)N[C@@H](Cc1ccccc1)C(=O)NCCCc1ccccc1,COCCN1CCC(Oc2ccc(-c3ccc(C(=O)NC4(C(=O)NCC#N)CCCCC4)cc3)cc2)CC1,1.0
61,N=C(N)NCCC[C@H](NC(=O)[C@H](CS)NC(=O)Cc1ccc(-c2ccccc2)cc1)C(=O)N[C@@H](CC1CCCCC1)C(=O)NCCc1ccccc1,CCCC[C@@H](C=O)NC(=O)OC(CC)(CC)Cc1ccccc1,1.0
62,N=C(N)NCCC[C@H](NC(=O)[C@H](CS)NC(=O)Cc1ccc(-c2ccccc2)cc1)C(=O)N[C@@H](CC1CCCCC1)C(=O)NCCc1ccccc1,COCCN1CCC(Oc2ccc(-c3ccc(C(=O)NC4(C(=O)NCC#N)CCCCC4)cc3)cc2)CC1,1.0
63,CC(C)CC(C(=O)NCC#N)c1cccc(-c2ccc(C34CCN(CC3)CC4)cc2)c1,CCCC[C@@H](C=O)NC(=O)O[C@@H](C)CC1CCCCC1,1.0
64,CC(C)CC(NC(=O)c1ccccc1)C(=O)NCC#N,CC(C)C[C@H](NC(=O)c1cc2cc(OCCN3CCOCC3)ccc2o1)C(=O)N[C@H]1CCCN(C(=O)Cc2cccc(-c3ccccn3)c2)CC1=O,1.0
65,CC(C)CC(C(=O)NCC#N)c1cncc(-c2ccccc2)c1,CC(C)CC(C(=O)N(CC#N)OC(=O)C(F)(F)F)c1cccc(-c2ccncc2)c1,1.0
66,CC(=O)CN1CCN(c2ccc(-c3cccc(C(CC(C)C)C(=O)NCC#N)c3)cc2)CC1,CN1CCN(c2nc(-c3ccc(C(=O)NC4(C(=O)NCC#N)CCCCC4)cc3)cs2)CC1,1.0
67,CCCC[C@@H](C=O)NC(=O)OC(CC)(CC)Cc1ccccc1,COCCN1CCC(Oc2ccc(-c3ccc(C(=O)NC4(C(=O)NCC#N)CCCCC4)cc3)cc2)CC1,1.0
68,CC(C)CC(C(=O)NCC#N)c1cccc(-c2ccc(C3=CCNCC3)cc2)c1,CC(C)CC(C(=O)NCC#N)c1cccc(-c2ccc(-c3ccncc3)cc2)c1,1.0
69,CC(C)CC(C(=O)NCC#N)c1cccc(-c2ccc(C3=CCNCC3)cc2)c1,C[C@@H](CC1CCCCC1)OC(=O)C1CCN1C#N,1.0
70,CC(C)CC(C(=O)NCC#N)c1cccc(-c2ccc(C3=CCNCC3)cc2)c1,CCCC[C@H](NC(=O)OC1CC2CCC1C2)C(=O)C(=O)N[C@H](C)c1ccccc1,1.0
71,CCCC[C@@H](C=O)NC(=O)O[C@@H](C)Cc1ccccc1,N#CCNC(=O)[C@H](Cc1ccccc1)NC(=O)C(c1ccccc1)c1ccccc1,1.0
72,CCCC[C@@H](C=O)NC(=O)O[C@@H](C)Cc1ccccc1,CCCC[C@H](NC(=O)O[C@H]1CCCc2ccccc21)C(=O)C(=O)N[C@H](C)c1ccccc1,1.0
73,CC(C)CC(C(=O)NCC#N)c1cccc(-c2cccnc2)c1,CCCC[C@H](NC(=O)OC1C2CC3CC(C2)CC1C3)C(=O)C(=O)N[C@H](C)c1ccccc1,1.0
74,CC(C)CC(C(=O)NCC#N)c1cccc(-c2ccc(C3CCNCC3)cc2)c1,CCCC[C@H](NC(=O)O[C@H]1CCc2ccccc21)C(=O)C(=O)N[C@H](C)c1ccccc1,1.0
75,CCCC[C@@H](C=O)NC(=O)O[C@@H](CC)Cc1ccccc1,C[C@@H](CC1CCCCC1)OC(=O)C1CCCN1C#N,1.0
76,CCCC[C@@H](C=O)NC(=O)O[C@@H](CC)Cc1ccccc1,CCCC[C@H](NC(=O)O[C@H]1C[C@@H](C)C[C@@H](C)C1)C(=O)C(=O)N[C@H](C)c1ccccc1,1.0
77,CC(C)CC(C(=O)NCC#N)c1cccc(-c2ccccc2)c1,CN1CCN(CCCOc2ccccc2Nc2nc(C#N)nc3c2ncn3C2CCCC2)CC1,1.0
78,CC(C)C[C@H](NC(=O)OCc1ccccc1)C(=O)N[C@@H]1CCCN(C(=O)[C@H](CC(C)C)NC(=O)OCc2ccccc2)CC1=O,CCCC[C@H](NC(=O)OCC(C)(C)c1ccccc1)C(=O)C(=O)N[C@H](C)c1ccccc1,1.0
79,CC(C)CC(C(=O)NCC#N)c1cccc(-c2ccc(C3CNCCO3)cc2)c1,CCCC[C@H](NC(=O)OCC(C)(C)Cc1ccccc1)C(=O)C(=O)N[C@H](C)c1ccccc1,1.0
80,CC(C)CC(C(=O)NCC#N)c1cccc(-c2ccc(-c3ccncc3)cc2)c1,C[C@@H](CC1CCCCC1)OC(=O)C1CCN1C#N,1.0
81,CC(C)CC(C(=O)NCC#N)c1cccc(-c2ccc(-c3ccncc3)cc2)c1,CCCC[C@H](NC(=O)OC1CC2CCC1C2)C(=O)C(=O)N[C@H](C)c1ccccc1,1.0
82,N#CCNC(=O)[C@H](Cc1ccccc1)NC(=O)C(c1ccccc1)c1ccccc1,CCCC[C@H](NC(=O)O[C@H]1CCCc2ccccc21)C(=O)C(=O)N[C@H](C)c1ccccc1,1.0
83,Cc1cccc(C[C@H](NC(=O)c2ccc(F)cc2F)C(=O)N[C@H](C#N)COCc2cccc(C(=O)O)c2)c1,CCCC[C@H](NC(=O)OC1C[C@H](C)C[C@@H](C)C1)C(=O)C(=O)N[C@H](C)c1ccccc1,1.0
84,Cc1cccc(C[C@H](NC(=O)C(c2ccccc2)c2ccccc2)C(=O)N[C@H](C#N)COCc2cccc(C(=O)O)c2)c1,CCCC[C@H](NC(=O)OC1C2(C)CCC(C2)C1(C)C)C(=O)C(=O)N[C@H](C)c1ccccc1,1.0
85,Cc1cccc(C[C@H](NC(=O)C(c2ccccc2)c2ccccc2)C(=O)NCC#N)c1,CC(C)C[C@H](Nc1cscc1-c1ccc(N2CCNCC2)cc1)C(=O)NCC#N,1.0
86,Cc1cccc(C[C@H](NC(=O)C(c2ccccc2)c2ccccc2)C(=O)NCC#N)c1,CC(C)C[C@@H](C(=O)NCC#N)c1cccc(-c2ccc(N3CCNCC3)cc2)c1,1.0
87,Cc1cccc(C[C@H](NC(=O)C(c2ccccc2)c2ccccc2)C(=O)NCC#N)c1,CCC[C@H](NC(=O)[C@@H]1C2CCCC2CN1C(=O)[C@@H](NC(=O)[C@@H](NC(=O)c1cnccn1)[C@@H](C)CC)C(C)(C)C)C(=O)C(=O)NC1CC1,1.0
88,C[C@@H](CC1CCCCC1)OC(=O)C1CCCN1C#N,CCCC[C@H](NC(=O)O[C@H]1C[C@@H](C)C[C@@H](C)C1)C(=O)C(=O)N[C@H](C)c1ccccc1,1.0
89,C[C@@H](CC1CCCCC1)OC(=O)C1CCN1C#N,CCCC[C@H](NC(=O)OC1CC2CCC1C2)C(=O)C(=O)N[C@H](C)c1ccccc1,1.0
90,C[C@@H](CC1CCCCC1)OC(=O)N[C@H]1CCN(C#N)C1,CCCC[C@H](NC(=O)O[C@H](Cc1nnc(-c2ccccc2)o1)C(C)(C)CC)C(=O)C(=O)N[C@H](C)c1ccccc1,1.0
91,CC(C)C[C@H](Nc1cscc1-c1ccc(N2CCNCC2)cc1)C(=O)NCC#N,CC(C)C[C@@H](C(=O)NCC#N)c1cccc(-c2ccc(N3CCNCC3)cc2)c1,1.0
92,CC(C)C[C@H](Nc1cscc1-c1ccc(N2CCNCC2)cc1)C(=O)NCC#N,CCC[C@H](NC(=O)[C@@H]1C2CCCC2CN1C(=O)[C@@H](NC(=O)[C@@H](NC(=O)c1cnccn1)[C@@H](C)CC)C(C)(C)C)C(=O)C(=O)NC1CC1,1.0
93,CC(C)C[C@@H](C(=O)NCC#N)c1cccc(-c2ccc(N3CCNCC3)cc2)c1,CCC[C@H](NC(=O)[C@@H]1C2CCCC2CN1C(=O)[C@@H](NC(=O)[C@@H](NC(=O)c1cnccn1)[C@@H](C)CC)C(C)(C)C)C(=O)C(=O)NC1CC1,1.0
94,CC(C)C[C@H](Nc1cccc(-c2ccc(N3CCNCC3)cc2)c1)C(=O)NCC#N,CC(C)CC(NC(c1ccc(-c2ccc(N3CCNCC3)cc2)cc1)C(F)(F)F)C(=O)NCC#N,1.0
95,CCCC[C@H](NC(=O)OCC1(Cc2ccccc2)CCCC1)C(=O)C(=O)N[C@H](C)c1ccccc1,CC(C)C[C@@H](C(=O)NCC#N)c1cccc(-c2ccc(N3CCNCC3)cc2)c1,1.0
96,CCCC[C@H](NC(=O)OCC1(CCc2ccccc2)CCC1)C(=O)C(=O)N[C@H](C)c1ccccc1,CCCC[C@H](NC(=O)O[C@@H]1C(=O)OCC1(C)C)C(=O)C(=O)N[C@H](C)c1ccccc1,1.0
97,CCCC[C@H](NC(=O)O[C@H](Cn1cc(-c2ccc(C(F)(F)F)cc2)cn1)C(C)(C)C)C(=O)C(=O)Nc1ccn[nH]1,CC(C)C[C@H](NC(c1ccc(Br)cc1)C(F)(F)F)C(=O)NCC#N,1.0
98,C[C@@H](CC1CCCCC1)OC(=O)NN(C)C#N,CC(C)C[C@H](Nc1cscc1-c1ccc(N2CCNCC2)cc1)C(=O)NCC#N,1.0
99,COCCN(C)CCn1cnc2c(NC3CCCCC3)nc(C#N)nc21,CCCC[C@H](NC(=O)O[C@@H]1C(=O)NCC1(C)C)C(=O)C(=O)N[C@H](C)c1ccccc1,1.0
100,COCCNCCOc1ccc(COc2ccccc2Nc2nc(C#N)nc3c2ncn3C2CCCC2)cc1,CC(C)C[C@H](N[C@@H](c1ccc(-c2ccc(N3CCNCC3)cc2)cc1)C(F)(F)F)C(=O)NCC#N,1.0
101,COc1ccc(NCCNC(=O)[C@H](CC2CCCCC2)NC(=O)c2ccc(Nc3nc(C)cc(C)n3)cc2)cc1,CC(C[C@H](NC(=O)OCc1ccccc1)C(=O)NCC#N)C(F)(F)F,1.0
102,COc1ccc(NCCNC(=O)[C@H](CC2CCCCC2)NC(=O)C2CCN(c3ncc(Br)cn3)CC2)cc1,CC(C)(C)C[C@H](NC(=O)OCc1ccccc1)C(=O)NCC#N,1.0
103,COc1ccc(NCCNC(=O)[C@H](CC2CCCCC2)NC(=O)C2CCCN(c3ncc(Br)cn3)C2)cc1,N#CCNC(=O)[C@@H](NC(=O)OCc1ccccc1)c1ccccc1,1.0
104,COc1ccc(NCCNC(=O)[C@H](CC2CCCCC2)NC(=O)c2cnn(-c3ccccc3)c2C)cc1,N#CCNC(=O)C1(NC(=O)OCc2ccccc2)CCCCC1,1.0
105,CC(C)(C)OC(=O)N[C@@H](Cc1ccccc1)C(=O)NCC#N,N#CCNC(=O)C1(NC(=O)c2cccc(Br)c2)CCCCC1,1.0
106,N#CCNC(=O)[C@H](Cc1ccccc1)NC(=O)OCc1ccccc1,N#CCNC(=O)C1(NC(=O)c2cccc(-c3ccccc3)c2)CCCCC1,1.0
107,CC(C)(C)OC(=O)N[C@@H](Cc1c[nH]c2ccccc12)C(=O)NCC#N,N#CCNC(=O)C1(NC(=O)c2ccc(N)cc2)CCCCC1,1.0
108,CC(C)(C)OC(=O)N[C@@H](Cc1csc2ccccc12)C(=O)NCC#N,N#CCNC(=O)C1(NC(=O)c2ccc(N3CCOCC3)cc2)CCCCC1,1.0
109,CN1CCN(c2nc(-c3ccc(C(=O)NC4(C(=O)NCC#N)CCCCC4)cc3)cs2)CC1,N#CCNC(=O)C1(NC(=O)c2ccc(Br)s2)CCCCC1,1.0
110,CN1CCN(c2nc(-c3ccc(C(=O)NC4(C(=O)NCC#N)CCCCC4)cc3)cs2)CC1,CN1CCN(S(=O)(=O)c2ccc(C(=O)NC3(C(=O)NCC#N)CCCCC3)cc2)CC1,1.0
111,CCCN1CCN(c2ccc(C(=O)NC3(C(=O)NCC#N)CCCCC3)cc2)CC1,C#Cc1ccc(C(=O)NC2(C(=O)NCC#N)CCCCC2)cc1,1.0
112,CCCN1CCN(c2ccc(C(=O)NC3(C(=O)NCC#N)CCCCC3)cc2)CC1,N#CCNC(=O)C1(NC(=O)c2ccc(-c3ccccc3)cc2)CCCCC1,1.0
113,N#CCNC(=O)C1(NC(=O)c2ccc(-c3csc(N4CCOCC4)n3)cc2)CCCCC1,CN(C)c1ccc(C(=O)NC2(C(=O)NCC#N)CCCCC2)cc1,1.0
114,N#CCNC(=O)C1(NC(=O)c2ccc(N3CCOCC3)cc2)CCCCC1,CN(C)c1ccc(-c2ccc(C(=O)NC3(C(=O)NCC#N)CCCCC3)cc2)cc1,1.0
115,CC[C@H](C)[C@H](NC(=O)OCc1ccccc1)C(=O)NCC#N,CN1CCN(c2ccc(C(=O)NC3(C(=O)NCC#N)CCCCC3)cc2)CC1,1.0
116,CCCN1CCN(c2ccc(C(=O)NC3(C(=O)NCC#N)CCCCC3)cc2)CC1,O=C(N[C@@H](CC1CCCCC1)C(=O)NCCNc1ccc(OC(F)(F)F)cc1)c1ccc(-c2cccc(C(F)(F)F)c2)o1,1.0
117,N#CCNC(=O)C1(NC(=O)c2ccc(-c3ccc(S(=O)(=O)N4CCN(CC(F)(F)F)CC4)cc3)cc2)CCCCC1,CC(C)C[C@@H](C(=O)NCC#N)c1cccc(-c2cccc(-c3csc(N4CCN(C(C)(C)C)CC4)n3)c2)c1,1.0
118,CN1CCC(C)(c2nc(-c3ccc(C(=O)NC4(C(=O)NCC#N)CCCCC4)cc3)cs2)CC1,CC(C)N(C)C1CCN(c2nc(-c3ccc(C(=O)NC4(C(=O)NCC#N)CCCCC4)cc3)cs2)CC1,1.0
119,CN1CCC(C)(c2nc(-c3ccc(C(=O)NC4(C(=O)NCC#N)CCCCC4)cc3)cs2)CC1,CCC[C@H](NC(=O)[C@H](CC(C)C)NCC(F)(F)F)C(=O)c1nnc(-c2ccco2)o1,1.0
120,CN1CCC(C)(c2nc(-c3ccc(C(=O)NC4(C(=O)NCC#N)CCCCC4)cc3)cs2)CC1,CCC[C@H](NC(=O)[C@H](CC(C)C)C(=O)OCc1ccccc1)C(=O)c1nnc(-c2ccco2)o1,1.0
121,N#CCNC(=O)C1(NC(=O)c2ccc(-c3csc(OC4CCNCC4)n3)cc2)CCCCC1,CCOC(=O)[C@H]1[C@H](C(=O)OCC)N1C(=O)[C@@H](NC(=O)OC(C)(C)C)C(C(C)C)N1CCC1,1.0
122,N#CCNC(=O)C1(NC(=O)c2ccc(-c3csc(N4CCOCC4)n3)cc2)CCCCC1,CCCC[C@@H](C=O)NC(=O)OC(C)(C)C,1.0
123,CC(C)N(C)C1CCN(c2nc(-c3ccc(C(=O)NC4(C(=O)NCC#N)CCCCC4)cc3)cs2)CC1,CCC[C@H](NC(=O)[C@H](CC(C)C)NCC(F)(F)F)C(=O)c1nnc(-c2ccco2)o1,1.0
124,CC(C)N(C)C1CCN(c2nc(-c3ccc(C(=O)NC4(C(=O)NCC#N)CCCCC4)cc3)cs2)CC1,CCC[C@H](NC(=O)[C@H](CC(C)C)C(=O)OCc1ccccc1)C(=O)c1nnc(-c2ccco2)o1,1.0
125,CCCC[C@@H](C=O)NC(=O)O[C@@H](C)Cc1ccccc1,CC(C)C[C@H](NC(=O)c1cc2ccccc2o1)C(=O)N[C@H]1C(=O)CN(S(=O)(=O)c2ccccn2)CC[C@@H]1C,1.0
126,CC(C)C[C@H](NC(=O)c1cc2ccccc2o1)C(=O)N[C@@H]1CC[C@@H](C)N(S(=O)(=O)c2ccccn2)CC1=O,CC(C)C[C@H](NC(=O)c1cc2ccccc2o1)C(=O)N[C@@H]1C[C@@H](C)CN(S(=O)(=O)c2ccccn2)CC1=O,1.0
127,CC(C)C[C@H](NC(=O)c1cc2ccccc2o1)C(=O)N[C@H]1C[C@@H](C)CN(S(=O)(=O)c2ccccn2)CC1=O,CC(C)C[C@H](N[C@@H](c1ccc(-c2ccc(F)cc2)cc1)C(F)(F)F)C(=O)NCC#N,1.0
128,CC(C)C[C@H](NC(=O)c1cc2ccccc2o1)C(=O)N[C@H]1C(=O)CN(S(=O)(=O)c2ccccn2)CC[C@H]1C,CN1CCN(c2cccc(CCNC(=O)c3cnc(C#N)nc3NCC(C)(C)C)c2)CC1,1.0
129,CC(C)C[C@H](NC(=O)c1cc2ccccc2o1)C(=O)N[C@@H]1C(=O)CN(S(=O)(=O)c2ccccn2)CC[C@@H]1C,O=C(NCCNc1ccc(F)cc1)[C@H](CC1CCCCC1)Nc1nc2cccc(Cl)c2o1,1.0
130,COc1ccc(NCCNC(=O)[C@H](CC(C)C)NC(=O)c2cccc(C)c2)cc1,O=C(NCCNc1ccc(F)cc1)[C@H](CC1CCCCC1)Nc1nc2cc(Cl)ccc2o1,1.0
131,COc1cccc(C(=O)N[C@@H](CCC2CCCCC2)C(=O)N[C@@H](CCN2CCOCC2)CN2CCc3cc(F)ccc32)c1,C[C@@H](CNc1ccc(OC(F)(F)F)cc1)NC(=O)[C@H](CC1CCCCC1)NC(=O)[C@H]1CCCO1,1.0
132,COc1cccc(C(=O)N[C@@H](CCC2CCCCC2)C(=O)N[C@@H](CSCc2ccccc2)CN2CCc3cc(F)ccc32)c1,COc1cccc(C(=O)N[C@@H](CCC2CCCCC2)C(=O)N[C@@H](COCc2ccccc2)CN2CCc3cc(F)ccc32)c1,1.0
133,CC(C)C[C@H](N[C@@H](c1ccc(-c2ccc(S(N)(=O)=O)cc2)cc1)C(F)(F)F)C(=O)NCC#N,CC(C)C[C@H](N[C@@H](c1ccc(-c2ccc(C#N)cc2)cc1)C(F)(F)F)C(=O)NCC#N,1.0
134,CC(C)C[C@H](NC(=O)CN1CCN(c2ccncc2)CC1)C(=O)N[C@H](C#N)COCc1ccccc1,CCC[C@H](NC(=O)OC(C)(C)C)C(=O)c1nnc(-c2cccs2)o1,1.0
135,CCC[C@H](NC(=O)[C@H](CC(C)C)NCC(F)(F)F)C(=O)c1nnc(-c2ccco2)o1,CCC[C@H](NC(=O)[C@H](CC(C)C)C(=O)OCc1ccccc1)C(=O)c1nnc(-c2ccco2)o1,1.0
136,COc1ccc(CCNC(=O)c2cnc(C#N)nc2NCC(C)(C)C)cc1OCCn1ccnc1,CN1CCN(c2ccc(CCNC(=O)c3cnc(C#N)nc3NCC(C)(C)C)cc2)CC1,1.0
