	canonical_smiles	molecule_chembl_id	pchembl_value	standard_type
0	C\C(=N/N=C(/N)\S)\c1ccc(Cl)c(Cl)c1	CHEMBL90512	7.3	IC50
1	Clc1cccc(NC(=S)N2CCC(=N2)c3cccc(Br)c3)c1	CHEMBL90475	6.0	IC50
2	N\C(=N\N=C\c1cccn1S(=O)(=O)c2ccccc2)\S	CHEMBL94235	5.55	IC50
3	CC\C(=N/N=C(/N)\S)\c1ccc(Cl)c(Cl)c1	CHEMBL92099	7.7	IC50
4	CC1CN(N=C1c2cccc(Cl)c2)C(=N)S	CHEMBL90428	6.64	IC50
5	FC(F)(F)c1cccc(c1)C2=NN(CC2)C(=N)S	CHEMBL91640	7.1	IC50
6	FC(F)(F)c1cc(\C=N\NC(=N)S)cc(c1)C(F)(F)F	CHEMBL90772	6.5	IC50
7	C\C(=N/N=C(/N)\S)\c1cc(cc(c1)C(F)(F)F)C(F)(F)F	CHEMBL89973	7.22	IC50
8	COc1ccccc1c2oc(\C=N\N=C(\N)/S)cc2	CHEMBL93774	6.55	IC50
9	N\C(=N\N=C\c1cccc(Br)c1)\S	CHEMBL91844	5.89	IC50
10	FC(F)(F)c1cccc(NC(=S)N2CCC(=N2)c3cccc(Cl)c3)c1	CHEMBL90354	5.77	IC50
11	C\C(=N/N=C(/N)\S)\c1ccccc1Br	CHEMBL90819	5.41	IC50
12	N\C(=N\N=C\c1oc(cc1)c2cccc(Cl)c2)\S	CHEMBL329128	6.85	IC50
13	C\C(=N/N=C(/N)\S)\c1ccc(Br)s1	CHEMBL89990	5.42	IC50
14	N\C(=N\N=C\c1oc(cc1)c2ccc(Br)cc2)\S	CHEMBL90060	6.55	IC50
15	C\C(=N/N=C(/N)\S)\c1cccc(Br)c1	CHEMBL88734	6.7	IC50
16	C\C(=N/N=C(/N)\S)\c1cccc(c1)C(F)(F)F	CHEMBL330050	6.77	IC50
17	NC(=S)N1CCC(=N1)c2cccc(Br)c2	CHEMBL314026	6.7	IC50
18	CC1CN(N=C1c2ccc(Cl)c(Cl)c2)C(=N)S	CHEMBL91544	7.16	IC50
19	N\C(=N\N=C\c1oc(cc1)c2ccc(Cl)cc2)\S	CHEMBL327577	6.52	IC50
20	Cn1c(\C=N\N=C(\N)/S)cc2ccccc12	CHEMBL90808	5.55	IC50
21	CC\C(=N/N=C(/N)\S)\c1cccc(c1)C(F)(F)F	CHEMBL92376	7.3	IC50
22	CC1CN(N=C1c2cccc(Br)c2)C(=N)S	CHEMBL406038	7.1	IC50
23	CCCCCC\N=C(/S)\N1CCC(=N1)c2cccc(Br)c2	CHEMBL91347	5.85	IC50
24	COc1ccc2ccccc2c1\C=N\N=C(\N)/S	CHEMBL90867	6.25	IC50
25	NC(=S)N1CCC(=N1)c2ccc(Cl)c(Cl)c2	CHEMBL329346	7.22	IC50
26	C\C(=N/N=C(/N)\S)\c1ccc(Cl)s1	CHEMBL90181	5.72	IC50
27	FC(F)(F)c1cccc(\C=N\NC(=N)S)c1	CHEMBL90688	6.32	IC50
28	CC\C(=N/N=C(\S)/Nc1ccc(cc1)C(F)(F)F)\c2cccc(Br)c2	CHEMBL420616	5.8	IC50
29	N\C(=N\N=C\c1cc(Cl)cc(Cl)c1)\S	CHEMBL421363	6.25	IC50
30	CC1CN(N=C1c2cccc(c2)C(F)(F)F)C(=N)S	CHEMBL91003	7.4	IC50
31	N\C(=N\N=C\c1ccc(Cl)c(Cl)c1)\S	CHEMBL415311	6.34	IC50
32	Cn1nc(cc1C(F)(F)F)c2ccc(\C=N\N=C(\N)/S)s2	CHEMBL91830	5.16	IC50
33	CC\C(=N/N=C(/N)\S)\c1cccc(Br)c1	CHEMBL313679	7.0	IC50
34	CC\C(=N/N=C(/N)\S)\c1cc(cc(c1)C(F)(F)F)C(F)(F)F	CHEMBL93166	7.7	IC50
35	NC(=S)N1CCC(=N1)c2cccc(Cl)c2	CHEMBL90197	6.57	IC50
36	CC\C(=N/N=C(/N)\S)\c1cccc(Cl)c1	CHEMBL90866	6.66	IC50
37	CC(C)C[C@H](NC(=O)[C@H](CCc1ccccc1)N\C=C\S(=O)(=O)c2ccccc2)C(=O)NC(=O)NN3CCOCC3	CHEMBL3142832	6.66	Ki
38	O=C(NN1CCOCC1)NC(=O)[C@H](Cc2ccccc2)NC(=O)[C@H](CCc3ccccc3)N\C=C\S(=O)(=O)c4ccccc4	CHEMBL3142835	6.44	Ki
39	O=C(NN1CCOCC1)NC(=O)[C@H](Cc2ccc3ccccc3c2)NC(=O)[C@H](CCc4ccccc4)N\C=C\S(=O)(=O)c5ccc6ccccc6c5	CHEMBL3142836	7.32	Ki
40	CC(C)N1CC(=O)C(CC1=O)NC(=O)[C@H](Cc2ccccc2)NC(=O)OCc3ccccc3	CHEMBL100017	6.42	Ki
41	O=C(N[C@@H](Cc1ccccc1)C(=O)N[C@@H](Cc2ccccc2)C(=O)CSCCCc3ccccc3)OCc4ccccc4	CHEMBL103238	8.7	Ki
42	COCCN1CC(=O)C(CC1=O)NC(=O)[C@H](Cc2ccccc2)NC(=O)OCc3ccccc3	CHEMBL100895	6.01	Ki
43	O=C(N[C@@H](Cc1ccccc1)C(=O)N[C@@H](Cc2ccccc2)C(=O)CSCCc3ccccc3)OCc4ccccc4	CHEMBL100849	8.38	Ki
44	O=C(N[C@@H](Cc1ccccc1)C(=O)NC2CC(=O)N(CCc3ccccc3)CC2=O)OCc4ccccc4	CHEMBL100702	7.27	Ki
45	CC(C)C[C@H](NC(=O)OCc1cccnc1)C(=O)N[C@@H](CCc2ccccc2)C(=O)CSCCCc3ccccc3	CHEMBL321974	8.96	Ki
46	O=C(N[C@@H](Cc1ccccc1)C(=O)NC2CC(=O)N(CCCc3ccccc3)CC2=O)OCc4ccccc4	CHEMBL316864	7.8	Ki
47	O=C(N[C@@H](Cc1ccccc1)C(=O)NC2CC(=O)N(CCCc3ccccc3)CC2=O)OCc4ccccc4	CHEMBL316864	7.79	Ki
48	O=C(N[C@@H](Cc1ccccc1)C(=O)NC2CC(=O)N(Cc3ccccc3)CC2=O)OCc4ccccc4	CHEMBL419727	6.7	Ki
49	O=C(N[C@@H](Cc1ccccc1)C(=O)NC2CC(=O)N(Cc3ccccc3)CC2=O)OCc4ccccc4	CHEMBL419727	6.7	Ki
50	O=C(N[C@@H](Cc1ccccc1)C(=O)NC2CC(=O)N(CCc3ccccc3)CC2=O)OCc4ccccc4	CHEMBL100702	7.28	Ki
51	O=C(N[C@@H](Cc1ccccc1)C(=O)N[C@@H](Cc2ccccc2)C(=O)CSCc3ccccc3)OCc4ccccc4	CHEMBL321988	7.36	Ki
52	CC(C)CN1CC(=O)C(CC1=O)NC(=O)[C@H](Cc2ccccc2)NC(=O)OCc3ccccc3	CHEMBL105708	6.56	Ki
53	CCCN1CC(=O)C(CC1=O)NC(=O)[C@H](Cc2ccccc2)NC(=O)OCc3ccccc3	CHEMBL101306	6.44	Ki
54	CC(=O)NCCSCC(=O)[C@H](Cc1ccccc1)NC(=O)[C@H](Cc2ccccc2)NC(=O)OCc3ccccc3	CHEMBL352896	7.46	Ki
55	CNC(=O)CSCC(=O)[C@H](Cc1ccccc1)NC(=O)[C@H](Cc2ccccc2)NC(=O)OCc3ccccc3	CHEMBL351721	7.82	Ki
56	CCOC(=O)CCSCC(=O)[C@H](Cc1ccccc1)NC(=O)[C@H](Cc2ccccc2)NC(=O)N3CCOCC3	CHEMBL161148	7.23	Ki
57	CCOC(=O)CCSCC(=O)[C@H](Cc1ccccc1)NC(=O)[C@H](Cc2ccccc2)NC(=O)OCc3ccccc3	CHEMBL161817	8.54	Ki
58	CC(C)SCC(=O)[C@H](Cc1ccccc1)NC(=O)[C@H](Cc2ccccc2)NC(=O)OCc3ccccc3	CHEMBL162695	8.34	Ki
59	CC(C)(C)SCC(=O)[C@H](CCc1ccccc1)NC(=O)[C@H](Cc2ccccc2)NC(=O)OCc3cccnc3	CHEMBL161038	8.85	Ki
60	CC(C)(C)SCC(=O)[C@H](Cc1ccccc1)NC(=O)[C@H](Cc2ccccc2)NC(=O)OCc3ccccc3	CHEMBL161651	8.6	Ki
61	O=C(N[C@@H](Cc1ccccc1)C(=O)N[C@@H](Cc2ccccc2)C(=O)CSCc3ccccc3)OCc4ccccc4	CHEMBL321988	7.36	Ki
62	CCOC(=O)CCSCC(=O)[C@H](Cc1ccccc1)NC(=O)[C@H](Cc2ccccc2)NC(=O)OCc3cccnc3	CHEMBL161259	7.64	Ki
63	CC(C)(C)SCC(=O)[C@H](Cc1ccccc1)NC(=O)[C@H](Cc2ccccc2)NC(=O)N3CCOCC3	CHEMBL162250	7.26	Ki
64	COc1ccc(CSCC(=O)[C@H](Cc2ccccc2)NC(=O)[C@H](Cc3ccccc3)NC(=O)OCc4ccccc4)cc1	CHEMBL263133	7.49	Ki
65	CC(C)C[C@H](NC(=O)OCc1ccccc1)C(=O)N[C@@H](Cc2ccccc2)C(=O)CSCCCc3ccccc3	CHEMBL162474	9.0	Ki
66	CC(C)C[C@H](NC(=O)OCc1cccnc1)C(=O)N[C@@H](Cc2ccccc2)C(=O)CSC(C)(C)C	CHEMBL351045	8.32	Ki
67	CCOC(=O)CCSCC(=O)[C@H](Cc1ccccc1)NC(=O)[C@H](CC(C)C)NC(=O)OCc2ccccc2	CHEMBL161739	8.1	Ki
68	O=C(CSCCCc1ccccc1)[C@H](Cc2ccccc2)NC(=O)[C@H](Cc3ccccc3)NC(=O)N4CCOCC4	CHEMBL350102	6.67	Ki
69	CC(C)C[C@H](NC(=O)OCc1ccccc1)C(=O)N[C@@H](Cc2ccccc2)C(=O)CSC(C)(C)C	CHEMBL160000	8.89	Ki
70	CC(C)(C)c1ccc(CSCC(=O)[C@H](Cc2ccccc2)NC(=O)[C@H](Cc3ccccc3)NC(=O)OCc4ccccc4)cc1	CHEMBL346190	7.66	Ki
71	CC(C)(C)CC(C)(CC(C)(C)C)SCC(=O)[C@H](Cc1ccccc1)NC(=O)[C@H](Cc2ccccc2)NC(=O)OCc3ccccc3	CHEMBL161573	8.3	Ki
72	CCOC(=O)C(C)SCC(=O)[C@H](Cc1ccccc1)NC(=O)[C@H](Cc2ccccc2)NC(=O)OCc3ccccc3	CHEMBL160273	7.43	Ki
73	O=C(N[C@@H](Cc1ccccc1)C(=O)N[C@@H](Cc2ccccc2)C(=O)CSC3CCCCC3)OCc4ccccc4	CHEMBL161508	8.12	Ki
74	CC(C)C[C@H](NC(=O)OCc1cccnc1)C(=O)N[C@@H](CCc2ccccc2)C(=O)CSC(C)(C)C	CHEMBL352168	8.7	Ki
75	O=C(N[C@@H](Cc1ccccc1)C(=O)N[C@@H](Cc2ccccc2)C(=O)CSCCCc3ccccc3)OCc4cccnc4	CHEMBL158567	8.26	Ki
76	CC(C)C[C@H](NC(=O)OCc1ccncc1)C(=O)N[C@@H](Cc2ccccc2)C(=O)CSC(C)(C)C	CHEMBL436227	7.85	Ki
77	O=C(N[C@@H](Cc1ccccc1)C(=O)N[C@@H](CCc2ccccc2)C(=O)CSCCCc3ccccc3)OCc4cccnc4	CHEMBL347459	9.05	Ki
78	CC(C)C[C@H](NC(=O)N1CCOCC1)C(=O)N[C@@H](Cc2ccccc2)C(=O)CSC(C)(C)C	CHEMBL161116	7.22	Ki
79	CC(C)C[C@H](NC(=O)N1CCOCC1)C(=O)N[C@@H](Cc2ccccc2)C(=O)CSCCCc3ccccc3	CHEMBL159247	6.88	Ki
80	O=C(N[C@@H](Cc1ccccc1)C(=O)N[C@@H](CCc2ccccc2)C(=O)CSCCCc3ccccc3)OCc4cccnc4	CHEMBL347459	8.27	Ki
81	O=C(N[C@@H](Cc1ccccc1)C(=O)N[C@@H](Cc2ccccc2)C(=O)CSCCc3ccccc3)OCc4ccccc4	CHEMBL100849	8.38	Ki
82	CC(C)(C)CC(C)(C)SCC(=O)[C@H](Cc1ccccc1)NC(=O)[C@H](Cc2ccccc2)NC(=O)OCc3ccccc3	CHEMBL348117	7.98	Ki
83	CCOC(=O)CCSCC(=O)[C@H](Cc1ccccc1)NC(=O)[C@H](Cc2ccccc2)NC(=O)OCc3ccccn3	CHEMBL158815	7.52	Ki
84	CC(C)C[C@H](NC(=O)OCc1ccccn1)C(=O)N[C@@H](Cc2ccccc2)C(=O)CSC(C)(C)C	CHEMBL348163	7.86	Ki
85	CCC(C)SCC(=O)[C@H](Cc1ccccc1)NC(=O)[C@H](Cc2ccccc2)NC(=O)OCc3ccccc3	CHEMBL161424	8.24	Ki
86	CC(C)CCSCC(=O)[C@H](Cc1ccccc1)NC(=O)[C@H](Cc2ccccc2)NC(=O)OCc3ccccc3	CHEMBL157806	7.52	Ki
87	CC(C)C[C@H](NC(=O)OCc1cccnc1)C(=O)N[C@@H](CCc2ccccc2)C(=O)CSCCCc3ccccc3	CHEMBL321974	8.96	Ki
88	O=C(N[C@@H](Cc1ccccc1)C(=O)N[C@@H](Cc2ccccc2)C(=O)CSC3CCCC3)OCc4ccccc4	CHEMBL159089	7.46	Ki
89	CCOC(=O)CSCC(=O)[C@H](Cc1ccccc1)NC(=O)[C@H](Cc2ccccc2)NC(=O)OCc3ccccc3	CHEMBL348300	7.51	Ki
90	O=C(N[C@@H](Cc1ccccc1)C(=O)N[C@@H](Cc2ccccc2)C(=O)CSCCCc3ccccc3)OCc4ccccc4	CHEMBL103238	8.7	Ki
91	CCOC(=O)CCSCC(=O)[C@H](Cc1ccccc1)NC(=O)[C@H](CC(C)C)NC(=O)N2CCOCC2	CHEMBL158629	7.16	Ki
92	Clc1ccc(CSCC(=O)[C@H](Cc2ccccc2)NC(=O)[C@H](Cc3ccccc3)NC(=O)OCc4ccccc4)cc1	CHEMBL350888	7.08	Ki
93	CC(C)(C)SCC(=O)[C@H](Cc1ccccc1)NC(=O)[C@H](Cc2ccccc2)NC(=O)OCc3cccnc3	CHEMBL158806	8.34	Ki
94	CC(C)C[C@H](NC(=O)OCc1ccccc1)C(=O)N[C@@H](Cc2ccccc2)C(=O)CSC(C)C	CHEMBL258808	8.11	Ki
95	O=C(OCc1ccccc1)N2C(=O)C(=O)c3ccccc23	CHEMBL119515	4.52	IC50
96	O=C1N(c2ccccc2C1=O)S(=O)(=O)c3ccccc3	CHEMBL119828	4.82	IC50
97	Cc1ccc(C)c(CN2C(=O)C(=O)c3cc(C)ccc23)c1	CHEMBL118638	4.1	IC50
98	Cc1ccc2[nH]c(O)c(\N=N\C(=N)S)c2c1	CHEMBL119345	4.3	IC50
99	Cc1ccc2[nH]c(O)c(\N=N\C(=N)S)c2c1	CHEMBL119345	4.82	IC50
100	Clc1ccc2N(C(=O)OCc3ccccc3)C(=O)C(=O)c2c1	CHEMBL326185	4.1	IC50
101	NC(=S)\N=N\c1c(O)[nH]c2ccc(cc12)[N+](=O)[O-]	CHEMBL120254	4.52	IC50
102	NC(=S)\N=N\c1c(O)[nH]c2ccc(cc12)[N+](=O)[O-]	CHEMBL120254	4.77	IC50
103	Clc1ccc(CN2C(=O)C(=O)c3cc(Cl)ccc23)cc1	CHEMBL333067	5.22	IC50
104	Cc1cc(C)c2[nH]c(O)c(\N=N\C(=N)S)c2c1	CHEMBL118210	4.8	IC50
105	Cc1cc(C)c2[nH]c(O)c(\N=N\C(=N)S)c2c1	CHEMBL118210	4.82	IC50
106	COc1cccc(CN2C(=O)C(=O)c3cc(C)ccc23)c1	CHEMBL324722	5.7	IC50
107	NC(=S)\N=N\c1c(O)[nH]c2ccc(Cl)cc12	CHEMBL119213	4.68	IC50
108	NC(=S)\N=N\c1c(O)[nH]c2ccc(Cl)cc12	CHEMBL119213	5.22	IC50
109	Cc1cc(Cl)cc2c(\N=N\C(=N)S)c(O)[nH]c12	CHEMBL118355	4.98	IC50
110	Cc1cc(Cl)cc2c(\N=N\C(=N)S)c(O)[nH]c12	CHEMBL118355	5.52	IC50
111	Clc1ccc2N(Cc3ccccc3)C(=O)C(=O)c2c1	CHEMBL336693	4.05	IC50
112	NC(=S)\N=N\c1c(O)[nH]c2ccc(Br)cc12	CHEMBL418861	4.7	IC50
113	NC(=S)\N=N\c1c(O)[nH]c2ccc(Br)cc12	CHEMBL418861	5.16	IC50
114	O=C(N1C(=O)C(=O)c2ccccc12)c3ccccc3	CHEMBL118830	4.0	IC50
115	Cc1ccc2N(Cc3ccccc3c4ccccc4)C(=O)C(=O)c2c1	CHEMBL117767	5.55	IC50
116	NC(=S)\N=N\c1c(O)[nH]c2ccccc12	CHEMBL333137	5.1	IC50
117	NC(=S)\N=N\c1c(O)[nH]c2ccccc12	CHEMBL333137	5.46	IC50
118	NC(=S)\N=N\c1c(O)[nH]c2ccc(I)cc12	CHEMBL119370	5.05	IC50
119	NC(=S)\N=N\c1c(O)[nH]c2ccc(I)cc12	CHEMBL119370	6.0	IC50
120	Ic1ccc2N(Cc3ccccc3)C(=O)C(=O)c2c1	CHEMBL118596	4.05	IC50
121	NC(=S)\N=N\c1c(O)[nH]c2ccc(F)cc12	CHEMBL119756	4.52	IC50
122	NC(=S)\N=N\c1c(O)[nH]c2ccc(F)cc12	CHEMBL119756	4.82	IC50
142	CN1CCN(CC1)\C(=N\N=C(/C)\c2cccc(Br)c2)\S	CHEMBL326220	5.3	IC50
143	C\C(=N/N=C(/N)\S)\c1cccc(c1)c2ccccc2	CHEMBL108035	5.1	IC50
144	C\C(=N/N=C(/N)\S)\c1cccc(Oc2ccccc2)c1	CHEMBL108865	5.0	IC50
145	C\C(=N/N=C(/N)\S)\c1ccc(Oc2ccccc2)cc1	CHEMBL109893	5.0	IC50
146	C\C(=N/N=C(\S)/N1CCCCC1)\c2cccc(Br)c2	CHEMBL108700	5.3	IC50
147	C\C(=N/N=C(/N)\S)\c1ccc(cc1)c2ccccc2	CHEMBL323975	5.3	IC50
148	C\C(=N/N=C(/N)\S)\c1cccc(Br)c1	CHEMBL88734	7.22	IC50
149	C\C(=N\N=C(\N)/S)\c1cccc(c1)\C(=N\N=C(\N)/S)\C	CHEMBL108101	5.3	IC50
150	CCN(CC)\C(=N\N=C(/C)\c1cccc(Br)c1)\S	CHEMBL109619	5.3	IC50
151	CC(C)C[C@H](NC(=O)c1ccc(cc1)C(C)(C)C)C(=O)N2NC[C@@H]3[C@H]2C(=O)CN3C(=O)c4ccccc4	CHEMBL607122	7.03	Ki
152	CC(C)C[C@H](NC(=O)c1ccc(cc1)N(C)C)C(=O)N2CC[C@@H]3[C@H]2C(=O)CN3C(=O)c4ccccc4	CHEMBL607123	6.22	Ki
153	CC(C)C[C@H](NC(=O)c1ccc(cc1)C(C)(C)C)C(=O)N2CC[C@@H]3[C@H]2C(=O)CN3C(=O)c4ccccc4	CHEMBL607169	6.76	Ki
154	CC(C)C[C@H](NC(=O)c1ccc(cc1)N(C)C)C(=O)N2OC[C@@H]3[C@H]2C(=O)CN3C(=O)c4ccccc4	CHEMBL607170	5.6	Ki
155	CC\C(=N/N=C(/N)\S)\c1ccc(Cl)c(Cl)c1	CHEMBL92099	7.52	IC50
156	CCCC\C(=N/NC(=S)N)\c1ccc(Cl)c(Cl)c1	CHEMBL181504	7.72	IC50
157	N\C(=N\N=C(/C1CCCCC1)\c2ccc(Cl)c(Cl)c2)\S	CHEMBL181902	5.52	IC50
158	N\C(=N\N=C(/C=C/c1ccccc1)\c2ccc(Cl)c(Cl)c2)\S	CHEMBL181752	7.52	IC50
159	N\C(=N\N=C(/Cc1ccccc1)\c2ccc(Cl)c(Cl)c2)\S	CHEMBL183767	7.1	IC50
160	Cc1ccc(cc1)\C(=N/N=C(/N)\S)\c2ccc(Cl)c(Cl)c2	CHEMBL182795	7.4	IC50
161	N\C(=N\N=C(/C1CC1c2ccccc2)\c3ccc(Cl)c(Cl)c3)\S	CHEMBL183396	7.52	IC50
162	N\C(=N\N=C(/COc1ccccc1)\c2ccc(Cl)c(Cl)c2)\S	CHEMBL182790	7.52	IC50
163	N\C(=N\N=C(/CCc1ccccc1)\c2ccc(Cl)c(Cl)c2)\S	CHEMBL183005	7.4	IC50
164	CC\C(=N/N=C(/N)\S)\c1cccc(Br)c1	CHEMBL313679	6.51	IC50
165	CC(=O)C1=CCCc2ccccc12	CHEMBL378621	5.87	IC50
166	NC(=S)N\N=C\1/CCS(=O)(=O)c2c(Br)cc(Br)cc12	CHEMBL213224	6.09	IC50
167	NC(=S)N\N=C\1/CCS(=O)(=O)c2ccc(Br)cc12	CHEMBL214219	6.68	IC50
168	NC(=S)N\N=C\1/CCOc2ccc(Br)cc12	CHEMBL215671	6.96	IC50
169	NC(=S)N\N=C\1/CCCc2ccc(Br)cc12	CHEMBL215980	7.77	IC50
170	NC(=S)N\N=C\1/CCCc2c(Br)cccc12	CHEMBL385682	5.92	IC50
171	NC(=S)NN=C(c1cccc(Br)c1)c2cccc(Br)c2	CHEMBL384296	7.62	IC50
172	NC(=S)N\N=C(/c1ccccc1)\c2cccc(Br)c2	CHEMBL376207	7.1	IC50
173	CC\C(=N/NC(=S)N)\c1cccc(c1)[N+](=O)[O-]	CHEMBL373586	6.07	IC50
174	Brc1ccc2CCC=C(C(=O)C=C)c2c1	CHEMBL212718	6.1	IC50
175	CCOC(=O)[C@H]1O[C@H]1C(=O)[C@H](CCc2ccccc2)NC(=O)[C@H](Cc3ccccc3)NC(=O)OCc4ccccc4	CHEMBL249814	7.7	IC50
176	CN1CCN(CC1)C(=O)N[C@@H](Cc2ccccc2)C(=O)N[C@@H](CCc3ccccc3)\C=C\S(=O)(=O)c4ccccc4	CHEMBL91704	8.3	IC50
177	CCOC(=O)[C@@H]1O[C@@H]1C(=O)[C@H](CCc2ccccc2)NC(=O)[C@H](Cc3ccccc3)NC(=O)OCc4ccccc4	CHEMBL249815	7.3	IC50
178	O=C(N[C@@H](Cc1ccccc1)C(=O)N[C@@H](CCc2ccccc2)C(=O)[C@@H]3CO3)OCc4ccccc4	CHEMBL330585	8.0	IC50
179	CN1CCN(CC1)C(=O)N[C@@H](Cc2ccccc2)C(=O)N[C@@H](CCc3ccccc3)\C=C\S(=O)(=O)c4ccccc4	CHEMBL91704	6.66	Ki
180	Cc1ccc(C[C@H](NC(=O)c2ccc3OCCOc3c2)C(=O)N[C@@H](CCc4ccccc4)\C=C\S(=O)(=O)c5ccccc5)cc1	CHEMBL401401	7.72	Ki
181	Cc1ccc(C[C@H](NC(=O)c2ccccn2)C(=O)N[C@@H](CCc3ccccc3)\C=C\S(=O)(=O)c4ccccc4)cc1	CHEMBL252413	5.77	Ki
182	Cc1ccc(C[C@H](NC(=O)c2ccc(cc2)C(F)(F)F)C(=O)N[C@@H](CCc3ccccc3)\C=C\S(=O)(=O)c4ccccc4)cc1	CHEMBL399181	7.35	Ki
183	Cc1ccc(C[C@H](NC(=O)c2cc(F)cc(F)c2)C(=O)N[C@@H](CCc3ccccc3)\C=C\S(=O)(=O)c4ccccc4)cc1	CHEMBL251810	6.46	Ki
184	FC(F)(F)c1cccc(C[C@H](NC(=O)c2ccccn2)C(=O)N[C@@H](CCc3ccccc3)\C=C\S(=O)(=O)c4ccccc4)c1	CHEMBL253015	6.82	Ki
185	Cc1cccc(C[C@H](NC(=O)c2ccc3OCCOc3c2)C(=O)N[C@@H](CCc4ccccc4)\C=C\S(=O)(=O)c5ccccc5)c1	CHEMBL254903	7.15	Ki
186	Cc1cccc(C[C@H](NC(=O)c2ccccn2)C(=O)N[C@@H](CCc3ccccc3)\C=C\S(=O)(=O)c4ccccc4)c1	CHEMBL442284	6.55	Ki
187	Cc1cccc(C[C@H](NC(=O)c2ccc(cc2)C(F)(F)F)C(=O)N[C@@H](CCc3ccccc3)\C=C\S(=O)(=O)c4ccccc4)c1	CHEMBL254066	7.04	Ki
188	Cc1cccc(C[C@H](NC(=O)c2cc(F)cc(F)c2)C(=O)N[C@@H](CCc3ccccc3)\C=C\S(=O)(=O)c4ccccc4)c1	CHEMBL400904	7.3	Ki
189	O=C(N[C@@H](CCc1ccccc1)\C=C\S(=O)(=O)c2ccccc2)[C@H](Cc3ccccc3)NC(=O)c4ccc5OCCOc5c4	CHEMBL399676	7.1	Ki
190	O=C(N[C@@H](CCc1ccccc1)\C=C\S(=O)(=O)c2ccccc2)[C@H](Cc3ccccc3)NC(=O)c4ccccn4	CHEMBL399591	6.6	Ki
191	FC(F)(F)c1ccc(cc1)C(=O)N[C@@H](Cc2ccccc2)C(=O)N[C@@H](CCc3ccccc3)\C=C\S(=O)(=O)c4ccccc4	CHEMBL254687	7.01	Ki
192	Fc1cc(F)cc(c1)C(=O)N[C@@H](Cc2ccccc2)C(=O)N[C@@H](CCc3ccccc3)\C=C\S(=O)(=O)c4ccccc4	CHEMBL399675	6.01	Ki
193	CN1CCN(CC1)C(=O)N[C@@H](Cc2cccnc2)C(=O)N[C@@H](CCc3ccccc3)\C=C\S(=O)(=O)c4ccccc4	CHEMBL251802	5.44	Ki
194	CN1CCN(CC1)C(=O)N[C@@H](Cc2cccc(c2)C(F)(F)F)C(=O)N[C@@H](CCc3ccccc3)\C=C\S(=O)(=O)c4ccccc4	CHEMBL254902	6.77	Ki
195	CN1CCN(CC1)C(=O)N[C@@H](Cc2cccc(C)c2)C(=O)N[C@@H](CCc3ccccc3)\C=C\S(=O)(=O)c4ccccc4	CHEMBL254901	5.48	Ki
213	Clc1ccc(CSCC(=O)[C@H](Cc2ccccc2)NC(=O)[C@H](Cc3ccccc3)NC(=O)OCc4ccccc4)cc1	CHEMBL350888	7.08	Ki
214	CC(C)C[C@H](NC(=O)OCc1ccccc1)C(=O)N[C@@H](Cc2ccccc2)C(=O)CSC(C)(C)C	CHEMBL160000	8.89	Ki
215	CC(C)(C)SCC(=O)[C@H](Cc1ccccc1)NC(=O)[C@H](Cc2ccccc2)NC(=O)OCc3ccccc3	CHEMBL161651	8.6	Ki
216	CC(C)SCC(=O)[C@H](Cc1ccccc1)NC(=O)[C@H](Cc2ccccc2)NC(=O)OCc3ccccc3	CHEMBL162695	8.34	Ki
217	CC(C)(C)CC(C)(CC(C)(C)C)SCC(=O)[C@H](Cc1ccccc1)NC(=O)[C@H](Cc2ccccc2)NC(=O)OCc3ccccc3	CHEMBL161573	8.3	Ki
218	CCC(C)SCC(=O)[C@H](Cc1ccccc1)NC(=O)[C@H](Cc2ccccc2)NC(=O)OCc3ccccc3	CHEMBL161424	8.24	Ki
219	O=C(N[C@@H](Cc1ccccc1)C(=O)N[C@@H](Cc2ccccc2)C(=O)CSC3CCCCC3)OCc4ccccc4	CHEMBL161508	8.12	Ki
220	CC(C)(C)c1ccc(CSCC(=O)[C@H](Cc2ccccc2)NC(=O)[C@H](Cc3ccccc3)NC(=O)OCc4ccccc4)cc1	CHEMBL346190	7.66	Ki
221	CC(C)CCSCC(=O)[C@H](Cc1ccccc1)NC(=O)[C@H](Cc2ccccc2)NC(=O)OCc3ccccc3	CHEMBL157806	7.52	Ki
222	COc1ccc(CSCC(=O)[C@H](Cc2ccccc2)NC(=O)[C@H](Cc3ccccc3)NC(=O)OCc4ccccc4)cc1	CHEMBL263133	7.49	Ki
223	O=C(N[C@@H](Cc1ccccc1)C(=O)N[C@@H](Cc2ccccc2)C(=O)CSC3CCCC3)OCc4ccccc4	CHEMBL159089	7.46	Ki
224	O=C(CSCCCc1ccccc1)[C@H](Cc2ccccc2)NC(=O)[C@H](Cc3ccccc3)NC(=O)N4CCOCC4	CHEMBL350102	6.67	Ki
225	CC(C)C[C@H](NC(=O)N1CCOCC1)C(=O)N[C@@H](Cc2ccccc2)C(=O)CSCCCc3ccccc3	CHEMBL159247	6.88	Ki
226	CCOC(=O)CCSCC(=O)[C@H](Cc1ccccc1)NC(=O)[C@H](Cc2ccccc2)NC(=O)N3CCOCC3	CHEMBL161148	7.23	Ki
227	CCOC(=O)CCSCC(=O)[C@H](Cc1ccccc1)NC(=O)[C@H](CC(C)C)NC(=O)N2CCOCC2	CHEMBL158629	7.16	Ki
228	CC(C)(C)SCC(=O)[C@H](Cc1ccccc1)NC(=O)[C@H](Cc2ccccc2)NC(=O)N3CCOCC3	CHEMBL162250	7.26	Ki
229	CC(C)C[C@H](NC(=O)N1CCOCC1)C(=O)N[C@@H](Cc2ccccc2)C(=O)CSC(C)(C)C	CHEMBL161116	7.22	Ki
230	CC(C)C[C@H](NC(=O)OCc1ccccc1)C(=O)N[C@@H](Cc2ccccc2)C(=O)CSCCCc3ccccc3	CHEMBL162474	9.0	Ki
231	CC(C)C[C@H](NC(=O)OCc1ccccc1)C(=O)N[C@@H](Cc2ccccc2)C(=O)CSC(C)C	CHEMBL258808	8.11	Ki
232	CCOC(=O)CCSCC(=O)[C@H](Cc1ccccc1)NC(=O)[C@H](CC(C)C)NC(=O)OCc2ccccc2	CHEMBL161739	8.1	Ki
233	O=C(N[C@@H](Cc1ccccc1)C(=O)N[C@@H](Cc2ccccc2)C(=O)CSCCCc3ccccc3)OCc4ccccc4	CHEMBL103238	8.7	Ki
234	CCOC(=O)CCSCC(=O)[C@H](Cc1ccccc1)NC(=O)[C@H](Cc2ccccc2)NC(=O)OCc3ccccc3	CHEMBL161817	8.54	Ki
235	O=C(N[C@@H](Cc1ccccc1)C(=O)N[C@@H](Cc2ccccc2)C(=O)CSCCc3ccccc3)OCc4ccccc4	CHEMBL100849	8.38	Ki
236	CC(C)(C)CC(C)(C)SCC(=O)[C@H](Cc1ccccc1)NC(=O)[C@H](Cc2ccccc2)NC(=O)OCc3ccccc3	CHEMBL348117	7.98	Ki
237	CNC(=O)CSCC(=O)[C@H](Cc1ccccc1)NC(=O)[C@H](Cc2ccccc2)NC(=O)OCc3ccccc3	CHEMBL351721	7.82	Ki
238	CCOC(=O)CSCC(=O)[C@H](Cc1ccccc1)NC(=O)[C@H](Cc2ccccc2)NC(=O)OCc3ccccc3	CHEMBL348300	7.51	Ki
239	CC(=O)NCCSCC(=O)[C@H](Cc1ccccc1)NC(=O)[C@H](Cc2ccccc2)NC(=O)OCc3ccccc3	CHEMBL352896	7.46	Ki
240	CCOC(=O)C(C)SCC(=O)[C@H](Cc1ccccc1)NC(=O)[C@H](Cc2ccccc2)NC(=O)OCc3ccccc3	CHEMBL160273	7.43	Ki
241	O=C(N[C@@H](Cc1ccccc1)C(=O)N[C@@H](Cc2ccccc2)C(=O)CSCc3ccccc3)OCc4ccccc4	CHEMBL321988	7.36	Ki
242	OCC(=O)[C@H](Cc1ccccc1)NC(=O)[C@H](Cc2ccccc2)NC(=O)OCc3ccccc3	CHEMBL261723	6.84	Ki
243	SCC(=O)[C@H](Cc1ccccc1)NC(=O)[C@H](Cc2ccccc2)NC(=O)OCc3ccccc3	CHEMBL261725	8.36	Ki
244	CC(C)(C)OC(=O)NCc1oc(nn1)S(=O)(=O)Cc2ccc(Cl)cc2Cl	CHEMBL261812	4.02	IC50
246	N[C@@H](Cc1cc(cc(CP(=O)(O)O)c1O)c2ccc(Cl)cc2Cl)C(=O)O	CHEMBL409024	4.11	IC50
248	Oc1ccccc1C(=O)CC2(O)C(=O)Nc3cc(Cl)cc(Cl)c23	CHEMBL259139	4.14	IC50
249	[K+].[S-]C(=S)OC1CC2CC1C3CCCC23	CHEMBL404954	4.82	IC50
250	Oc1cc2C(=O)Oc3c(O)c(O)cc4C(=O)Oc(c1O)c2c34	CHEMBL6246	4.19	IC50
251	OC(=O)C1=CC(=C(c2ccc(O)c(c2)C(=O)O)c3ccc(O)c(c3)C(=O)O)C=CC1=O	CHEMBL275938	4.28	IC50
252	C[C@@H]1[C@@H]2C=C[C@@H]1[C@H]([C@@H]2C(=O)O)C3=C4C=CC(=O)C(=C4Oc5c(O)c(O)ccc35)O	CHEMBL261208	4.02	IC50
253	OC(=C\C=C/1\C2=C(Oc3c(O)c(O)ccc13)C(=O)C(=O)C=C2)O	CHEMBL258670	4.02	IC50
255	CC(C)(C)OC(=O)NCCc1oc(nn1)S(=O)(=O)Cc2ccc(Cl)cc2Cl	CHEMBL259018	4.02	IC50
256	O=C(Oc1cccnc1)C2=Cc3ccccc3OC2=O	CHEMBL406555	4.16	IC50
260	CCOC(=O)SC1=N\C(=C\c2ccc(cc2)N(C)C)\C(=O)S1	CHEMBL265957	4.14	IC50
262	OC(=O)C1=CC(=C(c2ccc(O)c(c2)C(=O)O)c3ccc(O)c(c3)C(=O)O)C=CC1=O	CHEMBL275938	4.55	IC50
263	C[C@@H]1[C@@H]2C=C[C@@H]1[C@H]([C@@H]2C(=O)O)C3=C4C=CC(=O)C(=C4Oc5c(O)c(O)ccc35)O	CHEMBL261208	4.35	IC50
266	O=C(Oc1cccnc1)C2=Cc3ccccc3OC2=O	CHEMBL406555	4.05	IC50
268	[O-][n+]1onc2ccc(\C=N\NC(=S)Nc3ccccc3)cc12	CHEMBL460050	4.11	IC50
269	Oc1ccc(\C=N\N=C\c2ccc3no[n+]([O-])c3c2)cc1Br	CHEMBL470290	4.14	IC50
270	Oc1ccc(\C=N\N=C\c2ccc3no[n+]([O-])c3c2)cc1	CHEMBL504491	4.0	IC50
271	Oc1ccccc1\C=N\N=C\c2ccc3no[n+]([O-])c3c2	CHEMBL444202	4.17	IC50
272	NC(=N)N\N=C\c1ccc(OCc2ccc3no[n+]([O-])c3c2)cc1	CHEMBL512308	4.5	IC50
273	NC(=S)N\N=C\c1ccc(OCc2ccc3no[n+]([O-])c3c2)cc1	CHEMBL470902	4.37	IC50
274	CC(C)C[C@@H]1N[C@H](CCCCC[C@H](NC1=O)\C=C\S(=O)(=O)c2ccccc2)C(=O)Nc3ccccc3	CHEMBL454688	5.7	IC50
275	CN1CCN(CC1)C(=O)N[C@@H](Cc2ccccc2)C(=O)N[C@@H](CCc3ccccc3)\C=C\S(=O)(=O)c4ccccc4	CHEMBL91704	8.4	IC50
276	FC(F)(F)c1ccnc(N\N=C\c2ccc(Cl)cc2)n1	CHEMBL455669	4.07	IC50
277	[O-][N+](=O)c1ccc(\C=N\Nc2nccc(n2)C(F)(F)F)cc1	CHEMBL453633	4.0	IC50
278	Cc1cc(nc(N\N=C\c2ccc(Cl)cc2)n1)C(F)(F)F	CHEMBL462539	4.0	IC50
280	COc1ccc(OC)c(CNC(=O)c2oc(nn2)c3ccccc3N)c1	CHEMBL564453	4.35	IC50
282	Nc1ccccc1c2oc(nn2)C(=O)Nc3cccc(c3)N4CCCC4	CHEMBL559646	4.0	IC50
283	Cc1cc(NC(=O)c2oc(nn2)c3ccccc3N)n[nH]1	CHEMBL541083	4.96	IC50
284	CC(C)(C)c1cc(NC(=O)c2oc(nn2)c3ccccc3N)n[nH]1	CHEMBL556466	5.7	IC50
285	Nc1ccccc1c2oc(nn2)C(=O)Nc3cc([nH]n3)c4cccs4	CHEMBL560043	6.0	IC50
286	Nc1ccccc1c2oc(nn2)C(=O)Nc3cc([nH]n3)c4ccccc4	CHEMBL550751	6.1	IC50
287	COc1ccc(cc1)c2cc(NC(=O)c3oc(nn3)c4ccccc4N)n[nH]2	CHEMBL556465	6.7	IC50
288	Cc1ccc(cc1)c2cc(NC(=O)c3oc(nn3)c4ccccc4N)n[nH]2	CHEMBL564546	6.3	IC50
289	COc1ccc(OC)c(CNC(=O)c2oc(nn2)c3ccccc3N)c1	CHEMBL564453	5.1	IC50
290	Nc1ccccc1c2oc(nn2)C(=O)NCc3c(Cl)cccc3Cl	CHEMBL555141	5.1	IC50
291	Nc1ccccc1c2oc(nn2)C(=O)Nc3cccc(c3)N4CCCC4	CHEMBL559646	5.16	IC50
292	Cc1cc2cc(NC(=O)c3oc(nn3)c4ccccc4N)ccc2[nH]1	CHEMBL555241	5.22	IC50
293	Nc1ccccc1c2oc(nn2)C(=O)Nc3ccc4oc5CCCCc5c4c3	CHEMBL551901	5.7	IC50
294	Nc1ncccc1C(=O)OCC(=O)Nc2cc(Cl)ccc2Cl	CHEMBL541696	4.57	IC50
295	Nc1ccccc1c2oc(nn2)C(=O)Nc3cc([nH]n3)c4cccs4	CHEMBL560043	6.0	IC50
296	COc1ccc(OC)c(CNC(=O)c2oc(nn2)c3ccccc3N)c1	CHEMBL564453	5.1	IC50
297	Nc1ccccc1c2oc(nn2)C(=O)NC3Cc4ccccc4C3	CHEMBL572120	4.96	IC50
298	Nc1ncccc1C(=O)OCC(=O)Nc2cc(Cl)ccc2Cl	CHEMBL541696	4.57	IC50
299	Nc1ncccc1C(=O)OCC(=O)Nc2cc(Cl)ccc2Cl	CHEMBL541696	4.5	Ki
300	COc1ccc(NC(=O)c2oc(nn2)c3ccccc3N)c(OC)c1	CHEMBL561904	5.52	IC50
301	Nc1ccccc1c2oc(nn2)C(=O)NC3CCCCCC3	CHEMBL552725	4.85	IC50
302	Nc1ccccc1c2oc(nn2)C(=O)NC3CCCCC3	CHEMBL564809	4.6	IC50
303	Nc1ccccc1C(=O)OCC(=O)Nc2cc(Cl)ccc2Cl	CHEMBL559770	4.24	IC50
304	Nc1ncccc1C(=O)OCC(=O)Nc2cc(Cl)ccc2Cl	CHEMBL541696	4.11	IC50
305	CCC(NC(=O)COC(=O)c1cccnc1N)c2ccc(Br)cc2	CHEMBL562106	4.08	IC50
306	Nc1ncccc1C(=O)OCC(=O)NC2CCCCCC2	CHEMBL550694	4.06	IC50
307	NC(=O)c1ccsc1NC(=O)COC(=O)c2cc(Br)ccc2N	CHEMBL554709	4.05	IC50
310	COc1ccc(cc1)c2cc(NC(=O)c3oc(nn3)c4ccccc4N)n[nH]2	CHEMBL556465	6.7	IC50
311	Cc1ccc(cc1)c2cc(NC(=O)c3oc(nn3)c4ccccc4N)n[nH]2	CHEMBL564546	6.3	IC50
312	Nc1ccccc1c2oc(nn2)C(=O)Nc3nc(cs3)c4ccc(Cl)cc4	CHEMBL562581	5.52	IC50
313	Nc1ccccc1c2oc(nn2)C(=O)NCc3csc(n3)c4cccs4	CHEMBL549616	5.7	IC50
314	Nc1ccccc1c2oc(nn2)C(=O)Nc3nnc(s3)c4ccc(Cl)cc4	CHEMBL563023	5.4	IC50
315	Nc1ccccc1c2oc(nn2)C(=O)NCc3cccc4nsnc34	CHEMBL550771	5.22	IC50
316	Nc1ccccc1c2oc(nn2)C(=O)NCc3ccc4OCOc4c3	CHEMBL550025	5.22	IC50
317	Cc1nn(nc1CNC(=O)c2oc(nn2)c3ccccc3N)c4ccccc4	CHEMBL560962	5.16	IC50
318	Nc1ccccc1c2oc(nn2)C(=O)NCc3nc4ccccc4[nH]3	CHEMBL557189	4.77	IC50
319	Nc1ccccc1c2oc(nn2)C(=O)NC3Cc4ccccc4C3	CHEMBL572120	4.96	IC50
320	Nc1ccccc1c2oc(nn2)C(=O)NCc3ccc(c(F)c3)C(F)(F)F	CHEMBL549676	5.0	IC50
321	Nc1ccccc1c2oc(nn2)C(=O)NCc3ccc(Cn4cccn4)cc3	CHEMBL550773	5.1	IC50
322	Nc1ccccc1c2oc(nn2)C(=O)NCc3ccnc(c3)N4CCSCC4	CHEMBL560840	4.64	IC50
323	Nc1ccccc1c2oc(nn2)C(=O)NCc3ccc(Oc4ccccc4)cc3	CHEMBL563328	5.22	IC50
324	Nc1ccccc1c2oc(nn2)C(=O)Nc3ccc4[nH]ncc4c3	CHEMBL554300	4.39	IC50
325	Cc1oc(CNC(=O)c2oc(nn2)c3ccccc3N)cc1	CHEMBL561361	4.85	IC50
326	Nc1ccccc1c2oc(nn2)C(=O)NC3CCc4ccccc34	CHEMBL561239	4.77	IC50
327	CC(NC(=O)c1oc(nn1)c2ccccc2N)C34CC5CC(CC(C5)C3)C4	CHEMBL550960	4.75	IC50
328	CCN(CC)c1ccc(NC(=O)c2oc(nn2)c3ccccc3N)cc1	CHEMBL562224	4.44	IC50
329	Nc1ccccc1c2oc(nn2)C(=O)NCc3ccccc3OC4CCOCC4	CHEMBL554736	4.38	IC50
330	Nc1ccccc1c2oc(nn2)C(=O)NCc3ccccc3N4CCOCC4	CHEMBL550965	4.42	IC50
331	Nc1ccccc1c2oc(nn2)C(=O)N[C@H]3[C@@H](O)Cc4ccccc34	CHEMBL550633	4.5	IC50
332	Nc1ccccc1c2oc(nn2)C(=O)NCc3cccc(c3)N4CCOCC4	CHEMBL560503	4.48	IC50
333	CC1C2CCC(C)(C2)C1NC(=O)c3oc(nn3)c4ccccc4N	CHEMBL550634	4.44	IC50
334	Nc1ccccc1c2oc(nn2)C(=O)NCc3ccnc(c3)N4CCOCC4	CHEMBL565191	4.08	IC50
335	Nc1cccc(F)c1CNC(=O)c2oc(nn2)c3ccccc3N	CHEMBL550836	4.28	IC50
336	Nc1ccccc1c2oc(nn2)C(=O)Nc3ccc(cc3)N4CCOCC4	CHEMBL563197	4.21	IC50
337	Nc1ccccc1c2oc(nn2)C(=O)NCc3cccc(c3)n4cccn4	CHEMBL550287	4.77	IC50
338	Nc1ccccc1c2oc(nn2)C(=O)Nc3cc([nH]n3)c4ccccc4	CHEMBL550751	6.1	IC50
339	Nc1ccccc1c2oc(nn2)C(=O)Nc3cc([nH]n3)c4cccs4	CHEMBL560043	6.0	IC50
340	Cc1cc2cc(NC(=O)c3oc(nn3)c4ccccc4N)ccc2[nH]1	CHEMBL555241	5.22	IC50
341	CC(C)(C)c1cc(NC(=O)c2oc(nn2)c3ccccc3N)n[nH]1	CHEMBL556466	5.7	IC50
342	Nc1ccccc1c2oc(nn2)C(=O)Nc3cccc(c3)N4CCCC4	CHEMBL559646	5.16	IC50
343	COc1ccc(OC)c(CNC(=O)c2oc(nn2)c3ccccc3N)c1	CHEMBL564453	5.1	IC50
344	Nc1ccccc1c2oc(nn2)C(=O)Nc3ccc4oc5CCCCc5c4c3	CHEMBL551901	5.7	IC50
345	Cc1cc(NC(=O)c2oc(nn2)c3ccccc3N)n[nH]1	CHEMBL541083	4.96	IC50
346	Nc1ccccc1c2oc(nn2)C(=O)Nc3nnc(s3)c4ccc(Cl)cc4	CHEMBL563023	5.4	IC50
347	Nc1ccccc1c2oc(nn2)C(=O)NCc3ccnc(c3)N4CCOCC4	CHEMBL565191	4.08	IC50
348	Nc1ccccc1c2oc(nn2)C(=O)NCc3csc(n3)c4cccs4	CHEMBL549616	5.7	IC50
349	CC(NC(=O)c1oc(nn1)c2ccccc2N)C34CC5CC(CC(C5)C3)C4	CHEMBL550960	4.75	IC50
350	Nc1ccccc1c2oc(nn2)C(=O)NCc3ccc(Oc4ccccc4)cc3	CHEMBL563328	5.22	IC50
351	Nc1ccccc1c2oc(nn2)C(=O)Nc3ccc(cc3)N4CCOCC4	CHEMBL563197	4.21	IC50
352	Nc1ccccc1c2oc(nn2)C(=O)NC3CCCCCC3	CHEMBL552725	4.85	IC50
353	NC(=S)N\N=C\c1ccc(OCc2ccc3no[n+]([O-])c3c2)cc1	CHEMBL470902	4.37	IC50
354	Clc1cccc(c1)C(=O)Nc2ccc(cc2)\N=N\c3ccccc3	CHEMBL566920	4.92	IC50
355	Cc1ccc(Cl)cc1NC(=O)CCC(=O)Nc2cc(Cl)ccc2C	CHEMBL566931	4.92	IC50
356	Cc1sc(NC(=S)NC(=O)C2CCCCC2)c(C(=O)N)c1C	CHEMBL571065	4.92	IC50
357	COc1ccc(\C=N\NC(=O)c2ccc(Br)cc2)cc1Cn3cc(Cl)cn3	CHEMBL579075	4.92	IC50
358	Cc1ccc(cc1)C(=O)Nc2nc(cs2)c3cc(Cl)sc3Cl	CHEMBL567959	4.92	IC50
359	C(Nc1ncnc2sc(cc12)c3ccccc3)C4COc5ccccc5O4	CHEMBL567132	4.92	IC50
360	CCN(Cc1ccccc1)c2nc3c(nnn3c4ccc(Cl)cc24)S(=O)(=O)c5ccccc5	CHEMBL567145	4.92	IC50
361	COc1ccc(cc1)S(=O)(=O)Nc2nc3ccccc3nc2NCc4ccc5OCOc5c4	CHEMBL565862	4.92	IC50
362	CC(=C)CSc1cc(N)c(C#N)c(c2ccc(C)cc2)c1C#N	CHEMBL566932	4.92	IC50
363	CCCCCCNC(=O)Nc1ccc(cc1)S(=O)(=O)Nc2ccc(CCNC[C@H](O)COc3ccc(O)cc3)cc2	CHEMBL12998	4.92	IC50
364	Nc1c(C#N)c(cc(c2ccccc2)c1C#N)c3occc3	CHEMBL577938	4.92	IC50
365	O=C(Nc1nc(cs1)c2ccc(cc2)S(=O)(=O)N3CCCCCC3)c4cccs4	CHEMBL566064	4.92	IC50
366	CCSc1nnc(NC(=O)c2ccc(Br)s2)s1	CHEMBL576039	4.92	IC50
367	Oc1c(NC(=O)CN2C(=O)Oc3ccccc23)oc(c4ccccc4)c1c5ccccc5	CHEMBL567335	4.92	IC50
368	O=C(Nc1nc(cs1)c2cccs2)c3ccc(cc3)S(=O)(=O)N4CCCC4	CHEMBL567337	4.92	IC50
369	O=C(COC(=O)c1cccc(Oc2ccccc2)c1)Nc3oc(nn3)c4ccccc4	CHEMBL567356	4.92	IC50
370	Cn1c(nc2ccccc12)C(C#N)C(=O)c3sc4ccccc4c3Cl	CHEMBL567529	4.92	IC50
371	Oc1cc([nH]n1)c2ccc(Cl)c(Cl)c2	CHEMBL566068	4.92	IC50
372	Brc1cccc(c1)c2csc(NC(=O)Oc3ccccc3)n2	CHEMBL577752	4.52	IC50
373	Cc1onc(NC(=O)Cc2cccs2)c1	CHEMBL578585	4.52	IC50
374	CCc1ccc(cc1)C(=O)CSC2=C(C#N)C(C(=C(C)N2)C(=O)C)c3occc3	CHEMBL567130	4.52	IC50
375	O=C(CSc1oc(nn1)c2ccccc2)N3CCN(CC3)c4ccccc4	CHEMBL566706	4.52	IC50
376	Cc1onc(NC(=O)COC(=O)c2cc(ccc2C)S(=O)(=O)Nc3cccc(C)c3)c1	CHEMBL567323	4.52	IC50
377	O=C(COC(=O)c1cc(nc2ccccc12)c3occc3)NCc4ccc5OCOc5c4	CHEMBL567531	4.52	IC50
378	OC1=C(Oc2cc(O)ccc2C1=O)c3ccc(O)c(O)c3	CHEMBL31574	4.52	IC50
379	CCCCC\C=C/C\C=C/C\C=C/C\C=C/CCCC(=O)Nc1ccc(O)cc1	CHEMBL39878	4.52	IC50
380	COC(=O)c1ccc(cc1)c2onc(n2)c3oc(Br)cc3	CHEMBL567735	4.52	IC50
381	[Cl-].Fc1ccc(cc1)c2cs[n+](SCC(=O)NC(=O)NCc3occc3)c2	CHEMBL566690	4.22	IC50
386	CCNc1nc(Nc2ccccc2)nc(n1)C#N	CHEMBL567161	6.15	IC50
387	N#Cc1nc(NC2CCCC2)nc(Nc3ccccc3)n1	CHEMBL566069	6.15	IC50
388	CCCNc1nc(Nc2ccccc2)nc(n1)C#N	CHEMBL576847	6.1	IC50
389	CC(C)Nc1nc(Nc2ccccc2)nc(n1)C#N	CHEMBL566691	6.05	IC50
390	N#Cc1nc(NCC2CC2)nc(Nc3ccccc3)n1	CHEMBL567135	6.05	IC50
391	CC(C)CNc1nc(Nc2ccccc2)nc(n1)C#N	CHEMBL565866	6.05	IC50
392	CCCCNc1nc(Nc2ccccc2)nc(n1)C#N	CHEMBL566067	6.05	IC50
393	OCCCCNc1nc(Nc2ccccc2)nc(n1)C#N	CHEMBL567137	6.05	IC50
394	CNc1nc(Nc2ccccc2)nc(n1)C#N	CHEMBL567354	5.9	IC50
395	N#Cc1nc(NC2CCCCC2)nc(Nc3ccccc3)n1	CHEMBL578161	5.85	IC50
396	OCCNc1nc(Nc2ccccc2)nc(n1)C#N	CHEMBL567769	5.8	IC50
397	[O-][N+](=O)c1cccc(Nc2nc(NC3CCCC3)nc(n2)C#N)c1	CHEMBL567783	7.2	IC50
398	Fc1cccc(Nc2nc(NC3CCCC3)nc(n2)C#N)c1	CHEMBL567784	7.1	IC50
399	Clc1cccc(Nc2nc(NC3CCCC3)nc(n2)C#N)c1	CHEMBL567785	7.1	IC50
400	Brc1cccc(Nc2nc(NC3CCCC3)nc(n2)C#N)c1	CHEMBL566924	7.0	IC50
401	Fc1ccc(Nc2nc(NC3CCCC3)nc(n2)C#N)cc1	CHEMBL567147	6.9	IC50
402	Cc1cccc(Nc2nc(NC3CCCC3)nc(n2)C#N)c1	CHEMBL576648	6.9	IC50
403	Brc1ccc(Nc2nc(NC3CCCC3)nc(n2)C#N)cc1	CHEMBL566903	5.95	IC50
404	N#Cc1nc(NC2CCCC2)nc(Nc3cccc(c3)c4ccccc4)n1	CHEMBL566273	5.65	IC50
405	Fc1cc(F)cc(Nc2nc(NC3CCCC3)nc(n2)C#N)c1	CHEMBL568171	7.2	IC50
406	Clc1cc(Cl)cc(Nc2nc(NC3CCCC3)nc(n2)C#N)c1	CHEMBL568172	6.4	IC50
407	FC(F)CNc1nc(Nc2cc(F)cc(F)c2)nc(n1)C#N	CHEMBL567340	7.6	IC50
408	CCn1cnc2c(Nc3cc(F)cc(F)c3)nc(nc12)C#N	CHEMBL567341	8.0	IC50
409	FC(F)Cn1cnc2c(Nc3cc(F)cc(F)c3)nc(nc12)C#N	CHEMBL578159	7.89	IC50
410	Fc1cc(F)cc(Nc2nc(nc3c2ncn3C4CCCC4)C#N)c1	CHEMBL567142	7.75	IC50
411	CCn1cnc2c(Nc3cccc(Cl)c3)nc(nc12)C#N	CHEMBL577121	7.75	IC50
412	Clc1cccc(Nc2nc(nc3c2ncn3C4CCCC4)C#N)c1	CHEMBL578162	7.4	IC50
413	FC(F)CNc1nc(nc2c1ncn2c3cc(F)cc(F)c3)C#N	CHEMBL567786	7.3	IC50
414	CCNc1nc(nc2c1ncn2c3cccc(Cl)c3)C#N	CHEMBL566904	7.2	IC50
415	FC(F)CNc1nc(nc2c1ncn2c3cccc(Cl)c3)C#N	CHEMBL566905	7.15	IC50
416	CCNc1nc(nc2c1ncn2c3cc(F)cc(F)c3)C#N	CHEMBL567134	6.6	IC50
417	Fc1cc(F)cc(c1)n2cnc3c(NC4CCCC4)nc(nc23)C#N	CHEMBL585873	6.5	IC50
418	CCOc1nc(nc(n1)N2CCCCC2)C#N	CHEMBL571295	7.05	IC50
419	Nc1nc(nc(n1)N(c2ccccc2)c3ccccc3)C#N	CHEMBL577764	7.16	IC50
420	[O-][N+](=O)c1cccc(Nc2nc(NC3CCCC3)nc(n2)C#N)c1	CHEMBL567783	9.0	IC50
421	Fc1cccc(Nc2nc(NC3CCCC3)nc(n2)C#N)c1	CHEMBL567784	8.0	IC50
422	Clc1cccc(Nc2nc(NC3CCCC3)nc(n2)C#N)c1	CHEMBL567785	8.7	IC50
423	Brc1cccc(Nc2nc(NC3CCCC3)nc(n2)C#N)c1	CHEMBL566924	8.7	IC50
424	Fc1ccc(Nc2nc(NC3CCCC3)nc(n2)C#N)cc1	CHEMBL567147	7.52	IC50
425	Cc1cccc(Nc2nc(NC3CCCC3)nc(n2)C#N)c1	CHEMBL576648	7.52	IC50
426	Brc1ccc(Nc2nc(NC3CCCC3)nc(n2)C#N)cc1	CHEMBL566903	7.22	IC50
427	N#Cc1nc(NC2CCCC2)nc(Nc3cccc(c3)c4ccccc4)n1	CHEMBL566273	7.3	IC50
428	FC(F)(F)c1cccc(Nc2nc(NC3CCCC3)nc(n2)C#N)c1	CHEMBL579273	7.4	IC50
429	Fc1cc(F)cc(Nc2nc(NC3CCCC3)nc(n2)C#N)c1	CHEMBL568171	8.4	IC50
430	Clc1cc(Cl)cc(Nc2nc(NC3CCCC3)nc(n2)C#N)c1	CHEMBL568172	8.0	IC50
431	FC(F)CNc1nc(Nc2cc(F)cc(F)c2)nc(n1)C#N	CHEMBL567340	9.0	IC50
432	CCn1cnc2c(Nc3cc(F)cc(F)c3)nc(nc12)C#N	CHEMBL567341	9.7	IC50
433	CCn1cnc2c(Nc3cccc(Cl)c3)nc(nc12)C#N	CHEMBL577121	9.4	IC50
434	Clc1cccc(Nc2nc(nc3c2ncn3C4CCCC4)C#N)c1	CHEMBL578162	9.52	IC50
435	Nc1nc(nc(n1)N(c2ccccc2)c3ccccc3)C#N	CHEMBL577764	6.75	Ki
436	CCCCC(C(=O)COc1c(F)c(F)cc(F)c1F)n2cc(nn2)[C@@](C)(NCc3ccc4ncccc4c3)C(C)C	CHEMBL600002	6.34	Ki
437	CCC(C(=O)COc1c(F)c(F)cc(F)c1F)n2cc(nn2)[C@@](C)(NCc3ccc4ncccc4c3)C(C)C	CHEMBL604946	5.98	Ki
438	CC(C)[C@](C)(NCc1ccc2ncccc2c1)c3cn(nn3)C(C)C(=O)COc4c(F)c(F)cc(F)c4F	CHEMBL602886	5.17	Ki
439	CCCCC(C(=O)COc1c(F)c(F)cc(F)c1F)n2cc(nn2)[C@@](C)(NCc3ccc4ncccc4c3)C5CC5	CHEMBL592403	6.03	Ki
440	CCCCC(C(=O)COc1c(F)c(F)cc(F)c1F)n2cc(nn2)[C@](C)(CC(C)C)NCc3ccc4ncccc4c3	CHEMBL592404	7.0	Ki
441	CCC(C(=O)COc1c(F)c(F)cc(F)c1F)n2cc(nn2)[C@](C)(CC(C)C)NCc3ccc4ncccc4c3	CHEMBL603089	6.72	Ki
442	CCCCC(C(=O)COc1c(F)c(F)cc(F)c1F)n2cc(nn2)[C@@](C)(NCc3ccc4ncccc4c3)C5CCC5	CHEMBL579303	6.89	Ki
443	CCC(C(=O)COc1c(F)c(F)cc(F)c1F)n2cc(nn2)[C@@](C)(NCc3ccc4ncccc4c3)C5CCC5	CHEMBL602277	6.46	Ki
444	CCCCC(C(=O)COc1c(F)c(F)cc(F)c1F)n2cc(nn2)[C@@](C)(NCc3ccc4ncccc4c3)C5CCCC5	CHEMBL592646	6.96	Ki
445	CCCCC(C(=O)COc1c(F)c(F)cc(F)c1F)n2cc(nn2)[C@@](C)(NCc3ccc4ncccc4c3)C5CCCCC5	CHEMBL591771	5.91	Ki
456	CN1CCN(CC1)C(=O)N[C@@H](Cc2ccccc2)C(=O)N[C@@H](CCc3ccccc3)\C=C\S(=O)(=O)c4ccccc4	CHEMBL91704	8.4	IC50
457	Cc1nc(sc1C(=O)N[C@@H](CCc2ccccc2)\C=C\S(=O)(=O)c3ccccc3)c4ccccc4	CHEMBL1078675	5.0	IC50
458	Cc1nc(sc1C(=O)N[C@@H](CCc2ccccc2)\C=C\S(=O)(=O)c3ccccc3)c4cccnc4	CHEMBL1078778	5.7	IC50
459	Cc1nc(sc1C(=O)N[C@@H](CCc2ccccc2)\C=C\S(=O)(=O)c3ccccc3)c4cnccn4	CHEMBL1078779	6.0	IC50
460	O=C(N[C@@H](CCc1ccccc1)\C=C\S(=O)(=O)c2ccccc2)c3onc(c3)c4ccccc4	CHEMBL1078855	5.7	IC50
461	O=C(N[C@@H](CCc1ccccc1)\C=C\S(=O)(=O)c2ccccc2)c3onc(c3)c4ccncc4	CHEMBL1078981	5.3	IC50
462	O=C(N[C@@H](CCc1ccccc1)\C=C\S(=O)(=O)c2ccccc2)c3onc(c3)c4cccnc4	CHEMBL1079067	6.0	IC50
463	O=C(N[C@@H](CCc1ccccc1)\C=C\S(=O)(=O)c2ccccc2)c3onc(c3)c4ccccn4	CHEMBL1079068	5.22	IC50
464	Clc1ccc(cc1)C(=O)[C@@H]2CCCC[C@H]2C(=O)N[C@@H](CCc3ccccc3)\C=C\S(=O)(=O)c4ccccc4	CHEMBL1079162	7.3	IC50
468	CC(C)\N=C\1/C=C2N(c3ccc(Cl)cc3)c4ccccc4N=C2C=C1Nc5ccc(Cl)cc5	CHEMBL1292	4.4	IC50
471	[Cl-].CN(C)c1ccc2N=C3C=CC(=[N+](C)C)C=C3Sc2c1	CHEMBL405110	4.07	IC50
472	O=C(Nc1cccc2C(=O)C=C(Oc12)c3nn[nH]n3)c4ccc(OCCCCc5ccccc5)cc4	CHEMBL21333	4.17	IC50
474	Cl.CCCCc1oc2ccccc2c1C(=O)c3cc(I)c(OCCN(CC)CC)c(I)c3	CHEMBL1083993	5.4	IC50
475	CCOc1nc2cccc(C(=O)OC(C)OC(=O)OC3CCCCC3)c2n1Cc4ccc(cc4)c5ccccc5c6nn[nH]n6	CHEMBL1014	4.38	IC50
479	CC(C)\N=C\1/C=C2N(c3ccc(Cl)cc3)c4ccccc4N=C2C=C1Nc5ccc(Cl)cc5	CHEMBL1292	5.22	IC50
482	Cc1cc(cc(C)c1Oc2nc(Nc3ccc(cc3)C#N)nc(N)c2Br)C#N	CHEMBL308954	5.4	IC50
483	CC(C)OC(=O)C(C)(C)Oc1ccc(cc1)C(=O)c2ccc(Cl)cc2	CHEMBL672	4.21	IC50
484	COc1cc2ncnc(Nc3ccc(F)c(Cl)c3)c2cc1OCCCN4CCOCC4	CHEMBL939	4.06	IC50
486	CCC(C)N1N=CN(C1=O)c2ccc(cc2)N3CCN(CC3)c4ccc(OCC5COC(Cn6cncn6)(O5)c7ccc(Cl)cc7Cl)cc4	CHEMBL64391	5.52	IC50
487	COC(=O)C1=C(C)NC(=C(C1c2cccc(c2)[N+](=O)[O-])C(=O)OCCN3CCN(CC3)C(c4ccccc4)c5ccccc5)C	CHEMBL1085699	5.22	IC50
489	CC(=CCC\C(=C\CC\C(=C\CC\C(=C\CC1=C(C)C(=O)c2ccccc2C1=O)\C)\C)\C)C	CHEMBL259223	4.75	IC50
490	[Cl-].CN(C)c1ccc2N=C3C=CC(=[N+](C)C)C=C3Sc2c1	CHEMBL405110	4.26	IC50
492	O=C(Nc1cccc2C(=O)C=C(Oc12)c3nn[nH]n3)c4ccc(OCCCCc5ccccc5)cc4	CHEMBL21333	5.16	IC50
493	Oc1ccc(cc1)c2sc3cc(O)ccc3c2C(=O)c4ccc(OCCN5CCCCC5)cc4	CHEMBL81	4.48	IC50
494	CC(C)CCC[C@@H](C)CCC[C@@H](C)CCC[C@]1(C)CCc2c(C)c(OC(=O)c3cccnc3)c(C)c(C)c2O1	CHEMBL1084541	4.01	IC50
495	CSc1nc2cc(Cl)c(Oc3cccc(Cl)c3Cl)cc2[nH]1	CHEMBL1086440	4.82	IC50
496	CC(NC(=O)c1ccccc1Cl)C(=O)OC(C(=O)Nc2cc(ccc2Cl)C(F)(F)F)c3ccccc3	CHEMBL1173325	4.96	IC50
497	Cc1cc(ccc1[N+](=O)[O-])C(=O)NCC(=O)OC(C(=O)Nc2cc(ccc2Cl)C(F)(F)F)c3ccccc3	CHEMBL1171857	6.4	IC50
498	Cc1onc(NC(=O)COC(=O)C(Cc2ccccc2)NC(=O)c3occc3)c1	CHEMBL1172020	4.42	IC50
499	COc1ccc(Cl)cc1NC(=O)COC(=O)C(CC(C)C)N2C(=O)C3CC=CCC3C2=O	CHEMBL1172021	6.0	IC50
500	CC(C)C(NC(=O)c1occc1)C(=O)NCC(N2CCCCC2)c3occc3	CHEMBL1172022	5.16	IC50
501	Cc1ccccc1OCC(=O)NCC(=O)OCC(=O)c2ccc3ccccc3c2	CHEMBL1172971	6.16	IC50
502	Clc1ccc(cc1)C(=O)NCC(=O)OCC(=O)c2ccc3OCCOc3c2	CHEMBL1172972	6.3	IC50
503	FC(F)(F)c1ccc(Cl)c(NC(=O)C(OC(=O)CNC(=O)c2ccccc2)c3ccccc3)c1	CHEMBL1173672	6.52	IC50
504	COCCn1c(C)cc(C(=O)COC(=O)CNC(=O)c2ccccc2)c1C	CHEMBL1173673	4.75	IC50
505	Cc1onc(NC(=O)COC(=O)C(Cc2c[nH]c3ccccc23)NC(=O)c4ccc(F)cc4)c1	CHEMBL1173691	5.52	IC50
506	FC(F)(F)c1cc(Cl)ccc1NC(=O)C(OC(=O)CNC(=O)c2ccc(Cl)cc2)c3ccccc3	CHEMBL1173692	6.16	IC50
507	FC(F)(F)c1ccc(Cl)c(NC(=O)C(OC(=O)CNC(=O)c2ccccc2)c3ccccc3)c1	CHEMBL1173672	7.16	Ki
508	COc1ccc(NC(=O)COC(=O)C(CC(C)C)N2C(=O)C3CC=CCC3C2=O)cc1Cl	CHEMBL1173693	6.1	Ki
509	Brc1ccccc1OCC(=O)NCCc2nc3ccccc3[nH]2	CHEMBL1173694	5.7	Ki
510	Clc1ccc2[nH]c3c(NCCCN4CCOCC4)ncnc3c2c1	CHEMBL597857	5.7	Ki
511	CC(C)C(NC(=O)c1occc1)C(=O)NCC(N2CCCCC2)c3occc3	CHEMBL1172022	5.22	Ki
512	CC1S\C(=N\N=C\CCSc2ccc(Cl)cc2)\NC1=O	CHEMBL1276253	6.7	IC50
513	CC1S\C(=N\N=C\CSc2ccc(C)cc2)\NC1=O	CHEMBL1276301	4.69	IC50
514	CC1S\C(=N\N=C\CCSc2ccccc2)\NC1=O	CHEMBL1276198	6.4	IC50
515	CC1S\C(=N\N=C\CCSc2ccccc2)\NC1=S	CHEMBL1275672	7.22	IC50
516	CC\C(=N/N=C(/N)\S)\c1cccc(Br)c1	CHEMBL313679	7.4	IC50
517	C\C(=N/N=C(/N)\S)\c1ccc(Cl)c(Cl)c1	CHEMBL90512	7.0	IC50
518	CC(C)C[C@H](N[C@@H](c1ccc(cc1)c2ccc(cc2)N3CCNCC3)C(F)(F)F)C(=O)NCC#N	CHEMBL195454	8.74	IC50
519	CC(C)(F)C[C@H](N[C@@H](c1ccc(cc1)c2ccc(cc2)S(=O)(=O)C)C(F)(F)F)C(=O)N[C@@H](Cc3ccccc3)C#N	CHEMBL1289440	8.1	IC50
520	CC(C)(F)C[C@H](N[C@@H](c1ccc(cc1)c2ccc(cc2)S(=O)(=O)C)C(F)(F)F)C(=O)NCC#N	CHEMBL1289441	6.74	IC50
521	CC(C)(F)C[C@H](N[C@@H](c1ccc(cc1)c2ccc(cc2)S(=O)(=O)C)C(F)(F)F)C(=O)N[C@@H](CC(F)(F)F)C#N	CHEMBL1289553	6.89	IC50
522	CC(C)(F)C[C@H](N[C@@H](c1ccc(cc1)c2ccc(cc2)S(=O)(=O)C)C(F)(F)F)C(=O)N[C@@H](CCc3ccccc3)C#N	CHEMBL1288521	6.29	IC50
523	CC(C)(F)C[C@H](N[C@@H](c1ccc(cc1)c2ccc(cc2)S(=O)(=O)C)C(F)(F)F)C(=O)N[C@@H](Cc3ccncc3)C#N	CHEMBL1289660	8.22	IC50
524	CC(C)(F)C[C@H](N[C@@H](c1ccc(cc1)c2ccc(cc2)S(=O)(=O)C)C(F)(F)F)C(=O)N[C@@H](Cc3ccc(cc3F)C#N)C#N	CHEMBL1288523	9.0	IC50
525	CC(C)(F)C[C@H](N[C@@H](c1ccc(cc1)c2ccc(cc2)S(=O)(=O)C)C(F)(F)F)C(=O)N[C@H](Cc3ccc(cc3F)C#N)C#N	CHEMBL1288524	7.77	IC50
526	CC(C)(F)C[C@H](N[C@@H](c1ccc(cc1)c2ccc(cc2)C3(CC3)C(=O)N)C(F)(F)F)C(=O)N[C@@H](Cc4ccccc4)C#N	CHEMBL1288525	8.52	IC50
527	CC(C)(F)C[C@H](N[C@@H](c1ccc(cc1)c2ccc(cc2)C3(CC3)C(=O)N4CCOCC4)C(F)(F)F)C(=O)N[C@@H](Cc5ccccc5)C#N	CHEMBL1288526	8.52	IC50
528	CC(C)(F)C[C@H](N[C@@H](c1ccc(cc1)c2ccc(cc2)[C@@H](O)C(F)F)C(F)(F)F)C(=O)N[C@@H](Cc3ccccc3)C#N	CHEMBL1288527	8.1	IC50
529	CC(C)(F)C[C@H](N[C@@H](c1ccc(cc1)c2ccc(cc2)c3ccncc3)C(F)(F)F)C(=O)N[C@@H](Cc4ccccc4)C#N	CHEMBL1288528	8.1	IC50
530	CC(C)(F)C[C@H](N[C@@H](c1ccc(cc1)c2cn[nH]c2)C(F)(F)F)C(=O)N[C@@H](Cc3ccccc3)C#N	CHEMBL1289764	7.48	IC50
531	CC(C)C[C@H](N[C@@H](c1ccc(cc1)c2ccc(cc2)S(=O)(=O)C)C(F)(F)F)C(=O)N[C@@H](Cc3ccccc3)C#N	CHEMBL399361	9.7	IC50
532	CS(=O)(=O)c1ccc(cc1)c2ccc(cc2)[C@H](N[C@@H](CC3CC3)C(=O)N[C@@H](Cc4ccccc4)C#N)C(F)(F)F	CHEMBL1289988	7.8	IC50
533	CS(=O)(=O)c1ccc(cc1)c2ccc(cc2)[C@H](N[C@@H](CC(Cl)Cl)C(=O)N[C@@H](Cc3ccccc3)C#N)C(F)(F)F	CHEMBL1290084	10.0	IC50
534	CS(=O)(=O)c1ccc(cc1)c2ccc(cc2)[C@H](N[C@@H](Cc3ccccc3)C(=O)N[C@@H](Cc4ccccc4)C#N)C(F)(F)F	CHEMBL1288529	8.15	IC50
535	CC(C)[C@H](N[C@@H](c1ccc(cc1)c2ccc(cc2)S(=O)(=O)C)C(F)(F)F)C(=O)N[C@@H](Cc3ccccc3)C#N	CHEMBL1290191	8.7	IC50
536	CS(=O)(=O)c1ccc(cc1)c2ccc(cc2)[C@H](N[C@@H](C3CC3)C(=O)N[C@@H](Cc4ccccc4)C#N)C(F)(F)F	CHEMBL1290303	8.15	IC50
537	CC(C)(C)[C@H](N[C@@H](c1ccc(cc1)c2ccc(cc2)S(=O)(=O)C)C(F)(F)F)C(=O)N[C@@H](Cc3ccccc3)C#N	CHEMBL1290418	6.42	IC50
538	CC(C)[C@H](N[C@@H](c1ccc(cc1)c2ccc(cc2)S(=O)(=O)C)C(F)(F)F)C(=O)N[C@@H](Cc3ccc(cc3F)C#N)C#N	CHEMBL1288530	9.7	IC50
539	CC(C)[C@H](N[C@@H](c1ccc(cc1)c2ccc(cc2)C3(CC3)C(=O)N)C(F)(F)F)C(=O)N[C@@H](Cc4ccc(cc4F)C#N)C#N	CHEMBL1288531	9.7	IC50
540	CC(C)[C@H](N[C@@H](c1ccc(cc1)c2ccc(cc2)[C@@H](O)C(F)F)C(F)(F)F)C(=O)N[C@@H](Cc3ccc(cc3F)C#N)C#N	CHEMBL1288532	9.4	IC50
541	Oc1ccccc1\C=N\NC(=O)\C=C\c2ccccc2	CHEMBL2042780	4.28	IC50
542	Oc1ccccc1\C=N\NC(=O)\C=C\c2ccc3OCOc3c2	CHEMBL2042788	4.13	IC50
543	COc1cc(\C=N\NC(=O)\C=C\c2cc(OC)c(OC)c(OC)c2)cc(c1O)[N+](=O)[O-]	CHEMBL2042791	4.34	IC50
544	COc1cc(\C=C\C(=O)N\N=C\c2ccccc2O)cc(c1OC)[N+](=O)[O-]	CHEMBL2042792	4.08	IC50
545	COc1cc(\C=N\NC(=O)\C=C\c2cc(OC)c(OC)c(c2)[N+](=O)[O-])cc(c1O)[N+](=O)[O-]	CHEMBL2042793	4.35	IC50
546	Brc1ccc(cc1)C(=O)\C=C\c2ccc3OCOc3c2	CHEMBL507837	4.7	IC50
547	COc1ccc2cc(O)c(cc2c1)C(=O)N\N=C\c3c(O)ccc4ccccc34	CHEMBL2042801	6.22	IC50
548	Brc1ccc(cc1)c2noc(n2)C(=O)N\N=C\c3ccc4OCOc4c3	CHEMBL2158234	7.52	IC50
549	COc1cc(\C=N\NC(=O)c2onc(n2)c3ccc(Br)cc3)ccc1O	CHEMBL2158133	6.7	IC50
550	COc1cc(\C=N\NC(=O)c2onc(n2)c3ccc(Cl)cc3)ccc1O	CHEMBL2158132	7.4	IC50
551	CC1S\C(=N\N=C\CSc2ccc(C)cc2)\NC1=O	CHEMBL1276301	4.69	IC50
552	CC1S\C(=N\N=C\CCSc2ccccc2)\NC1=O	CHEMBL1276198	6.4	IC50
553	CCC1S\C(=N\N=C(/C)\COc2ccccc2)\N(C)C1=O	CHEMBL2180669	4.5	IC50
554	CC(C)C1S\C(=N\N=C(/C)\COc2ccccc2)\NC1=O	CHEMBL2180665	4.72	IC50
555	CCC1S\C(=N\N=C(/C)\COc2ccccc2)\NC1=S	CHEMBL2180345	4.73	IC50
556	CCC1S\C(=N\N=C(/C)\COc2ccccc2)\N(C1=O)c3ccc(C)cc3	CHEMBL2180346	4.93	IC50
557	CC1S\C(=N\N=C(/C)\COc2ccccc2)\N(C1=O)c3ccccc3	CHEMBL2180340	4.97	IC50
558	C\C(=N/N=C\1/SCC(=O)N1c2ccccc2)\COc3ccccc3	CHEMBL2180339	4.99	IC50
559	CCC1S\C(=N\N=C(/C)\COc2ccccc2)\N(C1=O)c3ccccc3	CHEMBL2180341	5.02	IC50
560	CCC1S\C(=N\N=C(/C)\COc2ccccc2)\N(C1=O)c3ccc(OC)cc3	CHEMBL2180347	5.06	IC50
561	CC(C)C1S\C(=N\N=C(/C)\COc2ccccc2)\N(C)C1=O	CHEMBL2180670	5.1	IC50
562	C\C(=N/N=C\1/SC(C(=S)N1c2ccccc2)c3ccccc3)\COc4ccccc4	CHEMBL2180344	5.16	IC50
563	CC(C)C1S\C(=N\N=C(/C)\COc2ccccc2)\N(C1=O)c3ccccc3	CHEMBL2180342	5.18	IC50
565	Oc1cc(O)c2C(=O)C=C(Oc2c1)c3ccc(O)c(O)c3	CHEMBL151	4.56	IC50
566	Oc1ccc(cc1)C2=COc3cc(O)cc(O)c3C2=O	CHEMBL44	4.08	IC50
567	CS(=O)(=O)c1sc(C(=O)NC(=S)Nc2ccc(OC(F)(F)F)cc2)c3ccccc13	CHEMBL2402106	5.16	IC50
568	O=C(NC(=S)Nc1ncccc1OCc2ccccc2)c3cccn3S(=O)(=O)c4ccccc4	CHEMBL2402109	5.52	IC50
569	Cn1nc(cc1c2ccc(NC(=O)Nc3cccc(c3)C(F)(F)F)s2)C(F)(F)F	CHEMBL2402102	5.51	IC50
570	CCOC(=O)c1ccc(NC(=S)NC(=O)c2ccc(Cl)c(Cl)c2)cc1	CHEMBL2402107	5.72	IC50
571	FC(F)(F)c1ccc(cc1)c2nc(NC(=O)Nc3ccc(Cl)cc3)cs2	CHEMBL2402103	5.92	IC50
572	CCCC\C(=N\NC(=[Se])N)\c1ccc(Cl)c(Cl)c1	CHEMBL3221953	8.19	Ki
573	C\C(=N/NC(=[Se])N)\c1cccc(Br)c1	CHEMBL3221948	7.53	Ki
574	NC(=[Se])NN=C(c1cccc(Br)c1)c2cccc(Br)c2	CHEMBL3221952	7.88	Ki
575	CCCC\C(=N\NC(=[Se])N)\c1ccc(Cl)c(Cl)c1	CHEMBL3221953	8.43	Ki
576	C\C(=N\NC(=S)N)\c1cccc(Br)c1	CHEMBL2297590	6.85	Ki
577	O=C(COc1ccccc1)NCCc2nc3ccccc3[nH]2	CHEMBL1572619	4.96	IC50
578	Fc1ccccc1OCC(=O)NCCc2nc3ccccc3[nH]2	CHEMBL3233081	5.28	IC50
579	Clc1ccccc1OCC(=O)NCCc2nc3ccccc3[nH]2	CHEMBL3233082	5.52	IC50
580	Brc1ccccc1OCC(=O)NCCc2nc3ccccc3[nH]2	CHEMBL1173694	6.1	IC50
581	Ic1ccccc1OCC(=O)NCCc2nc3ccccc3[nH]2	CHEMBL3233083	5.8	IC50
582	O=C(COc1ccccc1C#N)NCCc2nc3ccccc3[nH]2	CHEMBL3233084	4.19	IC50
583	[O-][N+](=O)c1ccccc1OCC(=O)NCCc2nc3ccccc3[nH]2	CHEMBL3233085	4.88	IC50
584	Cc1ccccc1OCC(=O)NCCc2nc3ccccc3[nH]2	CHEMBL1346687	5.39	IC50
585	Brc1cccc(OCC(=O)NCCc2nc3ccccc3[nH]2)c1	CHEMBL3233088	6.1	IC50
586	Brc1ccc(OCC(=O)NCCc2nc3ccccc3[nH]2)cc1	CHEMBL3233089	5.57	IC50
587	O=C(COc1cccc2ccccc12)NCCc3nc4ccccc4[nH]3	CHEMBL3233090	5.28	IC50
588	O=C(COc1ccc2ccccc2c1)NCCc3nc4ccccc4[nH]3	CHEMBL3233091	5.52	IC50
589	O=Cc1c(OCC(=O)NCCc2nc3ccccc3[nH]2)ccc4ccccc14	CHEMBL3233092	4.87	IC50
590	OCc1c(OCC(=O)NCCc2nc3ccccc3[nH]2)ccc4ccccc14	CHEMBL3233093	4.9	IC50
591	Oc1c(OCC(=O)NCCc2nc3ccccc3[nH]2)ccc4ccccc14	CHEMBL3233094	5.09	IC50
592	Brc1c(OCC(=O)NCCc2nc3ccccc3[nH]2)ccc4ccccc14	CHEMBL3233095	6.68	IC50
593	Brc1ccccc1CCC(=O)NCCc2nc3ccccc3[nH]2	CHEMBL3233096	4.11	IC50
594	O=C(CSc1ccccc1)NCCc2nc3ccccc3[nH]2	CHEMBL3233097	4.42	IC50
595	Clc1ccccc1OCC(=O)NCCc2nc3ccccc3n2CCC=C	CHEMBL3233115	4.62	IC50
596	CC(=O)n1c(CCNC(=O)COc2ccc(Br)cc2)nc3ccccc13	CHEMBL3233116	5.0	IC50
597	Clc1ccc2[nH]c(CCNC(=O)COc3ccc4ccccc4c3Br)nc2c1	CHEMBL3233118	6.22	IC50
598	COc1ccc2[nH]c(CCNC(=O)COc3ccc4ccccc4c3Br)nc2c1	CHEMBL3233119	6.27	IC50
599	Cc1ccc2[nH]c(CCNC(=O)COc3ccc4ccccc4c3Br)nc2c1	CHEMBL3233120	6.21	IC50
600	Brc1c(OCC(=O)NCCc2nc3ccccc3[nH]2)ccc4ccccc14	CHEMBL3233095	7.09	Ki
601	Cc1c(\C=N\NC(=O)c2ccc(cc2)[N+](=O)[O-])no[n+]1[O-]	CHEMBL3291135	4.95	IC50
602	[O-][N+](=O)c1ccc(cc1)C(=O)N\N=C\c2c(no[n+]2[O-])c3ccccc3	CHEMBL3291142	4.82	IC50
603	CC1SC(=NC1=O)N\N=C\CCSc2ccc(C)cc2	CHEMBL3329473	4.69	IC50
604	CC1SC(=NC1=O)N\N=C\CCCSc2ccccc2	CHEMBL3329474	6.4	IC50
605	Brc1ccc(cc1)c2csc(N\N=C\c3ccccn3)n2	CHEMBL3329506	5.02	IC50
606	[O-][N+](=O)c1cccc(c1)c2csc(N\N=C\c3ccccn3)n2	CHEMBL3329513	5.89	IC50
607	C\C(=N/Nc1nc(cs1)c2ccccc2)\c3ccccn3	CHEMBL2409542	5.89	IC50
608	C\C(=N/Nc1nc(cs1)c2ccc(C)cc2)\c3ccccn3	CHEMBL3329515	6.4	IC50
609	C\C(=N/Nc1nc(cs1)c2ccc(F)cc2)\c3ccccn3	CHEMBL3329518	6.52	IC50
610	COc1ccc(cc1)c2csc(N\N=C(/C)\c3ccccn3)n2	CHEMBL3329519	7.4	IC50
611	C\C(=N/Nc1nc(cs1)c2ccc(Cl)cc2Cl)\c3ccccn3	CHEMBL3329520	5.32	IC50
612	C\C(=N/Nc1nc(cs1)c2ccc(Cl)c(Cl)c2)\c3ccccn3	CHEMBL3329521	6.4	IC50
613	C\C(=N/Nc1nc(cs1)c2ccc3ccccc3c2)\c4ccccn4	CHEMBL3329524	8.0	IC50
614	CC1(C)CCc2c(O)c(C(=O)CCc3ccc4OC5(C)CCCC(C)(C)C5Cc4c3)c(O)cc2O1	CHEMBL3352912	5.06	IC50
615	CC(=CCc1cc(CCC(=O)c2c(O)cc3OC(C)(C)CCc3c2O)ccc1O)C	CHEMBL3352911	4.92	IC50
616	CC1(C)CCc2cc(CCC(=O)c3c(O)cc4OC(C)(C)CCc4c3O)ccc2O1	CHEMBL3352910	4.67	IC50
617	CC(=CCC\C(=C/Cc1c(O)cc(O)c(C(=O)CCc2ccc(O)cc2)c1O)\C)C	CHEMBL3360923	5.15	IC50
618	CC(C)\N=C\1/C=C2N(c3ccc(Cl)cc3)c4ccccc4N=C2C=C1Nc5ccc(Cl)cc5	CHEMBL1292	5.22	IC50
619	CC(C)\N=C\1/C=C2N(c3ccc(Cl)cc3)c4ccccc4N=C2C=C1Nc5ccc(Cl)cc5	CHEMBL1292	4.4	IC50
620	NC(=S)N\N=C(\COc1ccc(Br)cc1)/c2ccc(cc2)c3ccccc3	CHEMBL3613569	6.22	IC50
621	NC(=S)N\N=C(/COc1ccc(F)cc1)\c2ccc(Br)cc2	CHEMBL3613582	6.4	IC50
622	NC(=S)N\N=C(/COc1ccc(F)c(Cl)c1)\c2ccc(Br)cc2	CHEMBL3613583	7.16	IC50
623	NC(=S)N\N=C(/COc1ccc(Cl)c(Cl)c1)\c2ccc(Br)cc2	CHEMBL3613587	8.1	IC50
624	CCCCC(C(=O)COc1c(F)c(F)cc(F)c1F)n2cc(nn2)[C@@](C)(NCc3ccc4ncccc4c3)C5CCCC5	CHEMBL592646	7.57	IC50
625	COCCC(C(=O)COc1c(F)c(F)cc(F)c1F)n2cc(nn2)[C@@](C)(NCc3ccc4ncccc4c3)C(C)C	CHEMBL3628592	6.47	IC50
626	CC(C)[C@](C)(NCc1ccc2ncccc2c1)c3cn(nn3)C(CCS(=O)(=O)C)C(=O)COc4c(F)c(F)cc(F)c4F	CHEMBL3628591	6.25	IC50
627	CCCCC(C(=O)COc1c(F)c(F)cc(F)c1F)n2cc(nn2)[C@@](C)(NC(=O)c3ccc4ncccc4c3)C(C)C	CHEMBL3628590	5.87	IC50
628	CCCCC(C(=O)COc1c(F)c(F)cc(F)c1F)n2cc(nn2)[C@@](C)(NCc3ccc4ncccc4c3)C(C)C	CHEMBL600002	6.43	IC50
629	CC(C)[C@](C)(NCc1ccc2occc2c1)c3cn(nn3)C(CCS(=O)(=O)C)C(=O)COc4c(F)c(F)cc(F)c4F	CHEMBL3628941	6.06	IC50
630	C[C@](NCc1ccc2occc2c1)(C3CCCC3)c4cn(nn4)C(CCS(=O)(=O)C)C(=O)COc5c(F)c(F)cc(F)c5F	CHEMBL3627733	6.1	IC50
631	CCCCC(C(=O)COc1c(F)c(F)cc(F)c1F)n2cc(nn2)[C@@](C)(NCc3ccn4nccc4n3)C(C)C	CHEMBL3628942	7.12	IC50
632	CCCCC(C(=O)COc1c(F)c(F)cc(F)c1F)n2cc(nn2)[C@@](C)(NCc3ccn4nccc4n3)C5CCCC5	CHEMBL3628943	8.52	IC50
633	CC(C)[C@](C)(NCc1ccn2nccc2n1)c3cn(nn3)C(CCS(=O)(=O)C)C(=O)COc4c(F)c(F)cc(F)c4F	CHEMBL3628944	6.33	IC50
634	COCCC(C(=O)COc1c(F)c(F)cc(F)c1F)n2cc(nn2)[C@@](C)(NCc3ccn4nccc4n3)C5CCCC5	CHEMBL3628945	5.55	IC50
635	CCCCC(C(=O)COc1c(F)c(F)cc(F)c1F)n2cc(nn2)[C@@](C)(NCc3ccncc3)C(C)C	CHEMBL3628932	5.96	IC50
636	CCCCC(C(=O)COc1c(F)c(F)cc(F)c1F)n2cc(nn2)[C@@](C)(NC(=O)c3ccncc3)C(C)C	CHEMBL3628933	4.64	IC50
637	CCCCC(C(=O)COc1c(F)c(F)cc(F)c1F)n2cc(nn2)[C@@](C)(NCc3ccc4ncsc4c3)C(C)C	CHEMBL3628934	7.43	IC50
638	CCCCC(C(=O)COc1c(F)c(F)cc(F)c1F)n2cc(nn2)[C@@](C)(NC(=O)c3ccc4ncsc4c3)C(C)C	CHEMBL3628935	5.45	IC50
639	COCCC(C(=O)COc1c(F)c(F)cc(F)c1F)n2cc(nn2)[C@@](C)(NCc3ccc4ncsc4c3)C5CCCC5	CHEMBL3628940	6.91	IC50
640	C[C@](NCc1ccc2ncsc2c1)(C3CCCC3)c4cn(nn4)C(CCS(=O)(=O)C)C(=O)COc5c(F)c(F)cc(F)c5F	CHEMBL3628939	7.6	IC50
641	CCCCC(C(=O)COc1c(F)c(F)cc(F)c1F)n2cc(nn2)[C@@](C)(NCc3ccc4ncsc4c3)C5CCCC5	CHEMBL3628938	8.3	IC50
642	COCCC(C(=O)COc1c(F)c(F)cc(F)c1F)n2cc(nn2)[C@@](C)(NCc3ccc4ncsc4c3)C(C)C	CHEMBL3628937	7.2	IC50
643	CC(C)[C@](C)(NCc1ccc2ncsc2c1)c3cn(nn3)C(CCS(=O)(=O)C)C(=O)COc4c(F)c(F)cc(F)c4F	CHEMBL3628936	6.9	IC50
644	C\C(=N/N=C(/N)\S)\c1ccc(Cl)c(Cl)c1	CHEMBL90512	7.3	IC50
645	CCOC(=O)C1=C(C)N(CC=C)\C(=N\c2sc3CCCCc3c2C(=O)OCC)\S1	CHEMBL3827174	4.07	IC50
647	CCOC(=O)c1c2CCCCc2sc1\N=C\3/SC(CC(=O)O)C(=O)N3CC=C	CHEMBL3828195	4.3	IC50
649	CCOC(=O)c1c2CCCCc2sc1\N=C\3/SC=C(N3CC=C)c4ccccc4	CHEMBL3828526	5.62	IC50
650	CC(C)C[C@H](NC(=O)[C@H]1O[C@@H]1C(=O)O)C(=O)NCCCCN=C(N)N	CHEMBL374508	6.4	IC50
651	C[C@H](NC(=O)[C@H](Cc1ccccc1)NC(=O)OCc2ccccc2)\C=C\[N+](=O)[O-]	CHEMBL3907022	9.36	Ki
652	CC(C)C[C@H](NC(=O)[C@H](Cc1ccccc1)NC(=O)OCc2ccccc2)\C=C\[N+](=O)[O-]	CHEMBL3934979	7.8	Ki
653	[O-][N+](=O)\C=C\[C@H](Cc1ccccc1)NC(=O)[C@H](Cc2ccccc2)NC(=O)OCc3ccccc3	CHEMBL3903171	6.89	Ki
654	[O-][N+](=O)\C=C\[C@H](CCc1ccccc1)NC(=O)[C@H](Cc2ccccc2)NC(=O)OCc3ccccc3	CHEMBL3974129	7.96	Ki
655	CC(C)C[C@H](NC(=O)OCc1ccccc1)C(=O)N[C@@H](C)\C=C\[N+](=O)[O-]	CHEMBL3982135	6.89	Ki
656	CC(C)C[C@H](NC(=O)[C@H](CC(C)C)NC(=O)OCc1ccccc1)\C=C\[N+](=O)[O-]	CHEMBL3921142	7.6	Ki
657	CC(C)C[C@H](NC(=O)OCc1ccccc1)C(=O)N[C@@H](Cc2ccccc2)\C=C\[N+](=O)[O-]	CHEMBL3893138	7.55	Ki
658	CC(C)C[C@H](NC(=O)OCc1ccccc1)C(=O)N[C@@H](CCc2ccccc2)\C=C\[N+](=O)[O-]	CHEMBL3930083	7.77	Ki
659	Clc1ccc2c(NCCCN3CCOCC3)ccnc2c1	CHEMBL1241726	4.82	IC50
660	Clc1ccc2c(NCCN3CCOCC3)ccnc2c1	CHEMBL148139	4.39	IC50
661	OCCNc1ccnc2cc(Cl)ccc12	CHEMBL31000	4.21	IC50
662	OCCCNc1ccnc2cc(Cl)ccc12	CHEMBL460418	4.55	IC50
663	Clc1ccc2c(NCc3ccccc3)ccnc2c1	CHEMBL528696	4.36	IC50
664	Clc1ccc2[nH]c3c(NCCCN4CCOCC4)ncnc3c2c1	CHEMBL597857	4.82	IC50
665	Clc1ccc2c(NCCCN3CCOCC3)ccnc2c1	CHEMBL1241726	4.92	Ki
